SITE_ID,SITE_NAME,TIMESTAMP,DEPTH,WTEMP
GH-Bosumtwi,Bosumtwi,20180614,0.2,31.76
GH-Bosumtwi,Bosumtwi,20180614,1,31.2
GH-Bosumtwi,Bosumtwi,20180614,2,30.75
GH-Bosumtwi,Bosumtwi,20180614,3,30.49
GH-Bosumtwi,Bosumtwi,20180614,4,30.42
GH-Bosumtwi,Bosumtwi,20180614,5,30.29
GH-Bosumtwi,Bosumtwi,20180614,6,30.14
GH-Bosumtwi,Bosumtwi,20180614,7,30.06
GH-Bosumtwi,Bosumtwi,20180614,8,29.99
GH-Bosumtwi,Bosumtwi,20180614,9,29.88
GH-Bosumtwi,Bosumtwi,20180614,10,29.65
GH-Bosumtwi,Bosumtwi,20180614,11,29.6
GH-Bosumtwi,Bosumtwi,20180614,12,29.33
GH-Bosumtwi,Bosumtwi,20180614,13,29.21
GH-Bosumtwi,Bosumtwi,20180614,14,29.02
GH-Bosumtwi,Bosumtwi,20180614,15,28.87
GH-Bosumtwi,Bosumtwi,20180614,16,28.71
GH-Bosumtwi,Bosumtwi,20180614,17,28.31
GH-Bosumtwi,Bosumtwi,20180614,18,28.087
GH-Bosumtwi,Bosumtwi,20180614,19,27.904
GH-Bosumtwi,Bosumtwi,20180614,20,27.773
GH-Bosumtwi,Bosumtwi,20180614,21,27.672
GH-Bosumtwi,Bosumtwi,20180614,22,27.607
GH-Bosumtwi,Bosumtwi,20180614,23,27.525
GH-Bosumtwi,Bosumtwi,20180614,24,27.494
GH-Bosumtwi,Bosumtwi,20180614,25,27.454
GH-Bosumtwi,Bosumtwi,20180614,26,27.416
GH-Bosumtwi,Bosumtwi,20180614,27,27.384
GH-Bosumtwi,Bosumtwi,20180614,28,27.369
GH-Bosumtwi,Bosumtwi,20180614,29,27.356
GH-Bosumtwi,Bosumtwi,20180614,30,27.342
GH-Bosumtwi,Bosumtwi,20180614,31,27.331
GH-Bosumtwi,Bosumtwi,20180614,32,27.317
GH-Bosumtwi,Bosumtwi,20180614,33,27.311
GH-Bosumtwi,Bosumtwi,20180614,34,27.307
GH-Bosumtwi,Bosumtwi,20180614,35,27.304
GH-Bosumtwi,Bosumtwi,20180614,36,27.299
GH-Bosumtwi,Bosumtwi,20180614,37,27.293
GH-Bosumtwi,Bosumtwi,20180614,38,27.279
GH-Bosumtwi,Bosumtwi,20180614,39,27.269
GH-Bosumtwi,Bosumtwi,20180614,40,27.261
GH-Bosumtwi,Bosumtwi,20180614,41,27.257
GH-Bosumtwi,Bosumtwi,20180614,42,27.252
GH-Bosumtwi,Bosumtwi,20180614,43,27.235
GH-Bosumtwi,Bosumtwi,20180614,44,27.227
GH-Bosumtwi,Bosumtwi,20180614,45,27.22
GH-Bosumtwi,Bosumtwi,20180614,46,27.212
GH-Bosumtwi,Bosumtwi,20180614,47,27.21
GH-Bosumtwi,Bosumtwi,20180614,48,27.208
GH-Bosumtwi,Bosumtwi,20180614,49,27.206
GH-Bosumtwi,Bosumtwi,20180614,50,27.205
GH-Bosumtwi,Bosumtwi,20180614,51,27.203
GH-Bosumtwi,Bosumtwi,20180614,52,27.203
GH-Bosumtwi,Bosumtwi,20180614,53,27.202
GH-Bosumtwi,Bosumtwi,20180614,54,27.202
GH-Bosumtwi,Bosumtwi,20180614,55,27.2
GH-Bosumtwi,Bosumtwi,20180614,56,27.197
GH-Bosumtwi,Bosumtwi,20180614,57,27.194
GH-Bosumtwi,Bosumtwi,20180614,58,27.191
GH-Bosumtwi,Bosumtwi,20180614,59,27.187
GH-Bosumtwi,Bosumtwi,20180614,60,27.187
GH-Bosumtwi,Bosumtwi,20180614,61,27.185
GH-Bosumtwi,Bosumtwi,20180614,62,27.184
GH-Bosumtwi,Bosumtwi,20180614,63,27.183
GH-Bosumtwi,Bosumtwi,20180614,64,27.181
GH-Bosumtwi,Bosumtwi,20180614,65,27.179
GH-Bosumtwi,Bosumtwi,20180614,66,27.179
GH-Bosumtwi,Bosumtwi,20180614,67,27.178
GH-Bosumtwi,Bosumtwi,20180614,68,27.178
GH-Bosumtwi,Bosumtwi,20180614,69,27.178
GH-Bosumtwi,Bosumtwi,20180614,70,27.178
GH-Bosumtwi,Bosumtwi,20180720,0.2,28.709
GH-Bosumtwi,Bosumtwi,20180720,1,28.75
GH-Bosumtwi,Bosumtwi,20180720,2,28.745
GH-Bosumtwi,Bosumtwi,20180720,3,28.743
GH-Bosumtwi,Bosumtwi,20180720,4,28.736
GH-Bosumtwi,Bosumtwi,20180720,5,28.709
GH-Bosumtwi,Bosumtwi,20180720,6,28.664
GH-Bosumtwi,Bosumtwi,20180720,7,28.581
GH-Bosumtwi,Bosumtwi,20180720,8,28.578
GH-Bosumtwi,Bosumtwi,20180720,9,28.55
GH-Bosumtwi,Bosumtwi,20180720,10,28.528
GH-Bosumtwi,Bosumtwi,20180720,11,28.522
GH-Bosumtwi,Bosumtwi,20180720,12,28.511
GH-Bosumtwi,Bosumtwi,20180720,13,28.49
GH-Bosumtwi,Bosumtwi,20180720,14,28.43
GH-Bosumtwi,Bosumtwi,20180720,15,28.369
GH-Bosumtwi,Bosumtwi,20180720,16,28.359
GH-Bosumtwi,Bosumtwi,20180720,17,28.353
GH-Bosumtwi,Bosumtwi,20180720,18,28.342
GH-Bosumtwi,Bosumtwi,20180720,19,28.232
GH-Bosumtwi,Bosumtwi,20180720,20,28.096
GH-Bosumtwi,Bosumtwi,20180720,21,27.945
GH-Bosumtwi,Bosumtwi,20180720,22,27.716
GH-Bosumtwi,Bosumtwi,20180720,23,27.576
GH-Bosumtwi,Bosumtwi,20180720,24,27.503
GH-Bosumtwi,Bosumtwi,20180720,25,27.467
GH-Bosumtwi,Bosumtwi,20180720,26,27.44
GH-Bosumtwi,Bosumtwi,20180720,27,27.402
GH-Bosumtwi,Bosumtwi,20180720,28,27.373
GH-Bosumtwi,Bosumtwi,20180720,29,27.357
GH-Bosumtwi,Bosumtwi,20180720,30,27.34
GH-Bosumtwi,Bosumtwi,20180720,31,27.323
GH-Bosumtwi,Bosumtwi,20180720,32,27.308
GH-Bosumtwi,Bosumtwi,20180720,33,27.296
GH-Bosumtwi,Bosumtwi,20180720,34,27.287
GH-Bosumtwi,Bosumtwi,20180720,35,27.283
GH-Bosumtwi,Bosumtwi,20180720,36,27.27
GH-Bosumtwi,Bosumtwi,20180720,37,27.255
GH-Bosumtwi,Bosumtwi,20180720,38,27.244
GH-Bosumtwi,Bosumtwi,20180720,39,27.24
GH-Bosumtwi,Bosumtwi,20180720,40,27.239
GH-Bosumtwi,Bosumtwi,20180720,41,27.234
GH-Bosumtwi,Bosumtwi,20180720,42,27.232
GH-Bosumtwi,Bosumtwi,20180720,43,27.229
GH-Bosumtwi,Bosumtwi,20180720,44,27.223
GH-Bosumtwi,Bosumtwi,20180720,45,27.219
GH-Bosumtwi,Bosumtwi,20180720,46,27.218
GH-Bosumtwi,Bosumtwi,20180720,47,27.218
GH-Bosumtwi,Bosumtwi,20180720,48,27.216
GH-Bosumtwi,Bosumtwi,20180720,49,27.215
GH-Bosumtwi,Bosumtwi,20180720,50,27.213
GH-Bosumtwi,Bosumtwi,20180720,51,27.21
GH-Bosumtwi,Bosumtwi,20180720,52,27.207
GH-Bosumtwi,Bosumtwi,20180720,53,27.202
GH-Bosumtwi,Bosumtwi,20180720,54,27.199
GH-Bosumtwi,Bosumtwi,20180720,55,27.198
GH-Bosumtwi,Bosumtwi,20180720,56,27.197
GH-Bosumtwi,Bosumtwi,20180720,57,27.195
GH-Bosumtwi,Bosumtwi,20180720,58,27.194
GH-Bosumtwi,Bosumtwi,20180720,59,27.193
GH-Bosumtwi,Bosumtwi,20180720,60,27.189
GH-Bosumtwi,Bosumtwi,20180720,61,27.188
GH-Bosumtwi,Bosumtwi,20180720,62,27.187
GH-Bosumtwi,Bosumtwi,20180720,63,27.187
GH-Bosumtwi,Bosumtwi,20180720,64,27.185
GH-Bosumtwi,Bosumtwi,20180720,65,27.185
GH-Bosumtwi,Bosumtwi,20180720,66,27.183
GH-Bosumtwi,Bosumtwi,20180720,67,27.183
GH-Bosumtwi,Bosumtwi,20180720,68,27.183
GH-Bosumtwi,Bosumtwi,20180720,69,27.182
GH-Bosumtwi,Bosumtwi,20180720,70,27.181
GH-Bosumtwi,Bosumtwi,20180808,0.2,28.465
GH-Bosumtwi,Bosumtwi,20180808,1,28.212
GH-Bosumtwi,Bosumtwi,20180808,2,28.112
GH-Bosumtwi,Bosumtwi,20180808,3,28.094
GH-Bosumtwi,Bosumtwi,20180808,4,28.08
GH-Bosumtwi,Bosumtwi,20180808,5,28.074
GH-Bosumtwi,Bosumtwi,20180808,6,28.072
GH-Bosumtwi,Bosumtwi,20180808,7,28.071
GH-Bosumtwi,Bosumtwi,20180808,8,28.07
GH-Bosumtwi,Bosumtwi,20180808,9,28.069
GH-Bosumtwi,Bosumtwi,20180808,10,28.068
GH-Bosumtwi,Bosumtwi,20180808,11,28.067
GH-Bosumtwi,Bosumtwi,20180808,12,28.064
GH-Bosumtwi,Bosumtwi,20180808,13,28.061
GH-Bosumtwi,Bosumtwi,20180808,14,28.061
GH-Bosumtwi,Bosumtwi,20180808,15,28.057
GH-Bosumtwi,Bosumtwi,20180808,16,28.05
GH-Bosumtwi,Bosumtwi,20180808,17,28.042
GH-Bosumtwi,Bosumtwi,20180808,18,28.041
GH-Bosumtwi,Bosumtwi,20180808,19,28.04
GH-Bosumtwi,Bosumtwi,20180808,20,28.038
GH-Bosumtwi,Bosumtwi,20180808,21,28.031
GH-Bosumtwi,Bosumtwi,20180808,22,28.005
GH-Bosumtwi,Bosumtwi,20180808,23,27.962
GH-Bosumtwi,Bosumtwi,20180808,24,27.825
GH-Bosumtwi,Bosumtwi,20180808,25,27.512
GH-Bosumtwi,Bosumtwi,20180808,26,27.401
GH-Bosumtwi,Bosumtwi,20180808,27,27.379
GH-Bosumtwi,Bosumtwi,20180808,28,27.365
GH-Bosumtwi,Bosumtwi,20180808,29,27.329
GH-Bosumtwi,Bosumtwi,20180808,30,27.315
GH-Bosumtwi,Bosumtwi,20180808,31,27.314
GH-Bosumtwi,Bosumtwi,20180808,32,27.313
GH-Bosumtwi,Bosumtwi,20180808,33,27.312
GH-Bosumtwi,Bosumtwi,20180808,34,27.289
GH-Bosumtwi,Bosumtwi,20180808,35,27.286
GH-Bosumtwi,Bosumtwi,20180808,36,27.283
GH-Bosumtwi,Bosumtwi,20180808,37,27.268
GH-Bosumtwi,Bosumtwi,20180808,38,27.264
GH-Bosumtwi,Bosumtwi,20180808,39,27.257
GH-Bosumtwi,Bosumtwi,20180808,40,27.248
GH-Bosumtwi,Bosumtwi,20180808,41,27.245
GH-Bosumtwi,Bosumtwi,20180808,42,27.239
GH-Bosumtwi,Bosumtwi,20180808,43,27.236
GH-Bosumtwi,Bosumtwi,20180808,44,27.234
GH-Bosumtwi,Bosumtwi,20180808,45,27.229
GH-Bosumtwi,Bosumtwi,20180808,46,27.226
GH-Bosumtwi,Bosumtwi,20180808,47,27.224
GH-Bosumtwi,Bosumtwi,20180808,48,27.219
GH-Bosumtwi,Bosumtwi,20180808,49,27.216
GH-Bosumtwi,Bosumtwi,20180808,50,27.215
GH-Bosumtwi,Bosumtwi,20180808,51,27.211
GH-Bosumtwi,Bosumtwi,20180808,52,27.209
GH-Bosumtwi,Bosumtwi,20180808,53,27.207
GH-Bosumtwi,Bosumtwi,20180808,54,27.205
GH-Bosumtwi,Bosumtwi,20180808,55,27.205
GH-Bosumtwi,Bosumtwi,20180808,56,27.201
GH-Bosumtwi,Bosumtwi,20180808,57,27.199
GH-Bosumtwi,Bosumtwi,20180808,58,27.196
GH-Bosumtwi,Bosumtwi,20180808,59,27.196
GH-Bosumtwi,Bosumtwi,20180808,60,27.195
GH-Bosumtwi,Bosumtwi,20180808,61,27.194
GH-Bosumtwi,Bosumtwi,20180808,62,27.194
GH-Bosumtwi,Bosumtwi,20180808,63,27.194
GH-Bosumtwi,Bosumtwi,20180808,64,27.193
GH-Bosumtwi,Bosumtwi,20180808,65,27.192
GH-Bosumtwi,Bosumtwi,20180808,66,27.187
GH-Bosumtwi,Bosumtwi,20180808,67,27.185
GH-Bosumtwi,Bosumtwi,20180808,68,27.185
GH-Bosumtwi,Bosumtwi,20180808,69,27.185
GH-Bosumtwi,Bosumtwi,20180808,70,27.185
GH-Bosumtwi,Bosumtwi,20180921,0.2,30.324
GH-Bosumtwi,Bosumtwi,20180921,1,30.214
GH-Bosumtwi,Bosumtwi,20180921,2,29.675
GH-Bosumtwi,Bosumtwi,20180921,3,29.499
GH-Bosumtwi,Bosumtwi,20180921,4,29.357
GH-Bosumtwi,Bosumtwi,20180921,5,29.286
GH-Bosumtwi,Bosumtwi,20180921,6,29.063
GH-Bosumtwi,Bosumtwi,20180921,7,28.901
GH-Bosumtwi,Bosumtwi,20180921,8,28.424
GH-Bosumtwi,Bosumtwi,20180921,9,28.143
GH-Bosumtwi,Bosumtwi,20180921,10,28.017
GH-Bosumtwi,Bosumtwi,20180921,11,27.916
GH-Bosumtwi,Bosumtwi,20180921,12,27.879
GH-Bosumtwi,Bosumtwi,20180921,13,27.852
GH-Bosumtwi,Bosumtwi,20180921,14,27.852
GH-Bosumtwi,Bosumtwi,20180921,15,27.837
GH-Bosumtwi,Bosumtwi,20180921,16,27.814
GH-Bosumtwi,Bosumtwi,20180921,17,17.035
GH-Bosumtwi,Bosumtwi,20180921,18,27.785
GH-Bosumtwi,Bosumtwi,20180921,19,27.776
GH-Bosumtwi,Bosumtwi,20180921,20,27.773
GH-Bosumtwi,Bosumtwi,20180921,21,27.757
GH-Bosumtwi,Bosumtwi,20180921,22,27.72
GH-Bosumtwi,Bosumtwi,20180921,23,27.71
GH-Bosumtwi,Bosumtwi,20180921,24,27.641
GH-Bosumtwi,Bosumtwi,20180921,25,27.626
GH-Bosumtwi,Bosumtwi,20180921,26,27.609
GH-Bosumtwi,Bosumtwi,20180921,27,27.586
GH-Bosumtwi,Bosumtwi,20180921,28,27.56
GH-Bosumtwi,Bosumtwi,20180921,29,27.533
GH-Bosumtwi,Bosumtwi,20180921,30,27.489
GH-Bosumtwi,Bosumtwi,20180921,31,27.458
GH-Bosumtwi,Bosumtwi,20180921,32,27.454
GH-Bosumtwi,Bosumtwi,20180921,33,27.36
GH-Bosumtwi,Bosumtwi,20180921,34,27.332
GH-Bosumtwi,Bosumtwi,20180921,35,27.317
GH-Bosumtwi,Bosumtwi,20180921,36,27.307
GH-Bosumtwi,Bosumtwi,20180921,37,27.29
GH-Bosumtwi,Bosumtwi,20180921,38,27.283
GH-Bosumtwi,Bosumtwi,20180921,39,27.282
GH-Bosumtwi,Bosumtwi,20180921,40,27.269
GH-Bosumtwi,Bosumtwi,20180921,41,27.266
GH-Bosumtwi,Bosumtwi,20180921,42,27.262
GH-Bosumtwi,Bosumtwi,20180921,43,27.26
GH-Bosumtwi,Bosumtwi,20180921,44,27.247
GH-Bosumtwi,Bosumtwi,20180921,45,27.244
GH-Bosumtwi,Bosumtwi,20180921,46,27.233
GH-Bosumtwi,Bosumtwi,20180921,47,27.232
GH-Bosumtwi,Bosumtwi,20180921,48,27.227
GH-Bosumtwi,Bosumtwi,20180921,49,27.225
GH-Bosumtwi,Bosumtwi,20180921,50,27.224
GH-Bosumtwi,Bosumtwi,20180921,51,27.22
GH-Bosumtwi,Bosumtwi,20180921,52,27.217
GH-Bosumtwi,Bosumtwi,20180921,53,27.216
GH-Bosumtwi,Bosumtwi,20180921,54,27.216
GH-Bosumtwi,Bosumtwi,20180921,55,27.216
GH-Bosumtwi,Bosumtwi,20180921,56,27.214
GH-Bosumtwi,Bosumtwi,20180921,57,27.209
GH-Bosumtwi,Bosumtwi,20180921,58,27.209
GH-Bosumtwi,Bosumtwi,20180921,59,27.208
GH-Bosumtwi,Bosumtwi,20180921,60,27.205
GH-Bosumtwi,Bosumtwi,20180921,61,27.203
GH-Bosumtwi,Bosumtwi,20180921,62,27.203
GH-Bosumtwi,Bosumtwi,20180921,63,27.201
GH-Bosumtwi,Bosumtwi,20180921,64,27.201
GH-Bosumtwi,Bosumtwi,20180921,65,27.2
GH-Bosumtwi,Bosumtwi,20180921,66,27.2
GH-Bosumtwi,Bosumtwi,20180921,67,27.2
GH-Bosumtwi,Bosumtwi,20180921,68,27.2
GH-Bosumtwi,Bosumtwi,20180921,69,27.2
GH-Bosumtwi,Bosumtwi,20180921,70,27.2
GH-Bosumtwi,Bosumtwi,20181020,0,31.407
GH-Bosumtwi,Bosumtwi,20181020,1,31.14
GH-Bosumtwi,Bosumtwi,20181020,2,30.705
GH-Bosumtwi,Bosumtwi,20181020,3,30.312
GH-Bosumtwi,Bosumtwi,20181020,4,30.08
GH-Bosumtwi,Bosumtwi,20181020,5,29.805
GH-Bosumtwi,Bosumtwi,20181020,6,29.1
GH-Bosumtwi,Bosumtwi,20181020,7,28.97
GH-Bosumtwi,Bosumtwi,20181020,8,28.791
GH-Bosumtwi,Bosumtwi,20181020,9,28.456
GH-Bosumtwi,Bosumtwi,20181020,10,28.205
GH-Bosumtwi,Bosumtwi,20181020,11,28.153
GH-Bosumtwi,Bosumtwi,20181020,12,28.055
GH-Bosumtwi,Bosumtwi,20181020,13,27.957
GH-Bosumtwi,Bosumtwi,20181020,14,27.921
GH-Bosumtwi,Bosumtwi,20181020,15,27.905
GH-Bosumtwi,Bosumtwi,20181020,16,27.845
GH-Bosumtwi,Bosumtwi,20181020,17,27.833
GH-Bosumtwi,Bosumtwi,20181020,18,27.814
GH-Bosumtwi,Bosumtwi,20181020,19,27.811
GH-Bosumtwi,Bosumtwi,20181020,20,27.787
GH-Bosumtwi,Bosumtwi,20181020,21,27.773
GH-Bosumtwi,Bosumtwi,20181020,22,27.765
GH-Bosumtwi,Bosumtwi,20181020,23,27.752
GH-Bosumtwi,Bosumtwi,20181020,24,27.688
GH-Bosumtwi,Bosumtwi,20181020,25,27.628
GH-Bosumtwi,Bosumtwi,20181020,26,27.588
GH-Bosumtwi,Bosumtwi,20181020,27,27.568
GH-Bosumtwi,Bosumtwi,20181020,28,27.53
GH-Bosumtwi,Bosumtwi,20181020,29,27.473
GH-Bosumtwi,Bosumtwi,20181020,30,27.443
GH-Bosumtwi,Bosumtwi,20181020,31,27.409
GH-Bosumtwi,Bosumtwi,20181020,32,27.399
GH-Bosumtwi,Bosumtwi,20181020,33,27.381
GH-Bosumtwi,Bosumtwi,20181020,34,27.372
GH-Bosumtwi,Bosumtwi,20181020,35,27.352
GH-Bosumtwi,Bosumtwi,20181020,36,27.336
GH-Bosumtwi,Bosumtwi,20181020,37,27.328
GH-Bosumtwi,Bosumtwi,20181020,38,27.314
GH-Bosumtwi,Bosumtwi,20181020,39,27.306
GH-Bosumtwi,Bosumtwi,20181020,40,27.299
GH-Bosumtwi,Bosumtwi,20181020,41,27.295
GH-Bosumtwi,Bosumtwi,20181020,42,27.284
GH-Bosumtwi,Bosumtwi,20181020,43,27.28
GH-Bosumtwi,Bosumtwi,20181020,44,27.271
GH-Bosumtwi,Bosumtwi,20181020,45,27.264
GH-Bosumtwi,Bosumtwi,20181020,46,27.255
GH-Bosumtwi,Bosumtwi,20181020,47,27.244
GH-Bosumtwi,Bosumtwi,20181020,48,27.241
GH-Bosumtwi,Bosumtwi,20181020,49,27.24
GH-Bosumtwi,Bosumtwi,20181020,50,27.238
GH-Bosumtwi,Bosumtwi,20181020,51,27.236
GH-Bosumtwi,Bosumtwi,20181020,52,27.235
GH-Bosumtwi,Bosumtwi,20181020,53,27.229
GH-Bosumtwi,Bosumtwi,20181020,54,27.225
GH-Bosumtwi,Bosumtwi,20181020,55,27.224
GH-Bosumtwi,Bosumtwi,20181020,56,27.223
GH-Bosumtwi,Bosumtwi,20181020,57,27.222
GH-Bosumtwi,Bosumtwi,20181020,58,27.221
GH-Bosumtwi,Bosumtwi,20181020,59,27.221
GH-Bosumtwi,Bosumtwi,20181020,60,27.219
GH-Bosumtwi,Bosumtwi,20181020,61,27.218
GH-Bosumtwi,Bosumtwi,20181020,62,27.217
GH-Bosumtwi,Bosumtwi,20181020,63,27.216
GH-Bosumtwi,Bosumtwi,20181020,64,27.216
GH-Bosumtwi,Bosumtwi,20181020,65,27.213
GH-Bosumtwi,Bosumtwi,20181020,66,27.211
GH-Bosumtwi,Bosumtwi,20181020,67,27.209
GH-Bosumtwi,Bosumtwi,20181020,68,27.209
GH-Bosumtwi,Bosumtwi,20181020,69,27.209
GH-Bosumtwi,Bosumtwi,20181020,70,27.209
GH-Bosumtwi,Bosumtwi,20181117,0,31.76
GH-Bosumtwi,Bosumtwi,20181117,1,31.299
GH-Bosumtwi,Bosumtwi,20181117,2,31.137
GH-Bosumtwi,Bosumtwi,20181117,3,30.932
GH-Bosumtwi,Bosumtwi,20181117,4,30.895
GH-Bosumtwi,Bosumtwi,20181117,5,30.373
GH-Bosumtwi,Bosumtwi,20181117,6,30.255
GH-Bosumtwi,Bosumtwi,20181117,7,30.094
GH-Bosumtwi,Bosumtwi,20181117,8,29.233
GH-Bosumtwi,Bosumtwi,20181117,9,29.09
GH-Bosumtwi,Bosumtwi,20181117,10,28.524
GH-Bosumtwi,Bosumtwi,20181117,11,28.091
GH-Bosumtwi,Bosumtwi,20181117,12,28.03
GH-Bosumtwi,Bosumtwi,20181117,13,27.885
GH-Bosumtwi,Bosumtwi,20181117,14,27.848
GH-Bosumtwi,Bosumtwi,20181117,15,27.815
GH-Bosumtwi,Bosumtwi,20181117,16,27.801
GH-Bosumtwi,Bosumtwi,20181117,17,27.777
GH-Bosumtwi,Bosumtwi,20181117,18,27.752
GH-Bosumtwi,Bosumtwi,20181117,19,27.745
GH-Bosumtwi,Bosumtwi,20181117,20,27.718
GH-Bosumtwi,Bosumtwi,20181117,21,27.714
GH-Bosumtwi,Bosumtwi,20181117,22,27.69
GH-Bosumtwi,Bosumtwi,20181117,23,27.672
GH-Bosumtwi,Bosumtwi,20181117,24,27.631
GH-Bosumtwi,Bosumtwi,20181117,25,27.605
GH-Bosumtwi,Bosumtwi,20181117,26,27.599
GH-Bosumtwi,Bosumtwi,20181117,27,27.571
GH-Bosumtwi,Bosumtwi,20181117,28,27.535
GH-Bosumtwi,Bosumtwi,20181117,29,27.52
GH-Bosumtwi,Bosumtwi,20181117,30,27.508
GH-Bosumtwi,Bosumtwi,20181117,31,27.48
GH-Bosumtwi,Bosumtwi,20181117,32,27.458
GH-Bosumtwi,Bosumtwi,20181117,33,27.441
GH-Bosumtwi,Bosumtwi,20181117,34,27.438
GH-Bosumtwi,Bosumtwi,20181117,35,27.419
GH-Bosumtwi,Bosumtwi,20181117,36,27.41
GH-Bosumtwi,Bosumtwi,20181117,37,27.396
GH-Bosumtwi,Bosumtwi,20181117,38,27.375
GH-Bosumtwi,Bosumtwi,20181117,39,27.35
GH-Bosumtwi,Bosumtwi,20181117,40,27.339
GH-Bosumtwi,Bosumtwi,20181117,41,27.333
GH-Bosumtwi,Bosumtwi,20181117,42,27.329
GH-Bosumtwi,Bosumtwi,20181117,43,27.327
GH-Bosumtwi,Bosumtwi,20181117,44,27.304
GH-Bosumtwi,Bosumtwi,20181117,45,27.285
GH-Bosumtwi,Bosumtwi,20181117,46,27.278
GH-Bosumtwi,Bosumtwi,20181117,47,27.271
GH-Bosumtwi,Bosumtwi,20181117,48,27.264
GH-Bosumtwi,Bosumtwi,20181117,49,27.258
GH-Bosumtwi,Bosumtwi,20181117,50,27.258
GH-Bosumtwi,Bosumtwi,20181117,51,27.256
GH-Bosumtwi,Bosumtwi,20181117,52,27.256
GH-Bosumtwi,Bosumtwi,20181117,53,27.253
GH-Bosumtwi,Bosumtwi,20181117,54,27.243
GH-Bosumtwi,Bosumtwi,20181117,55,27.241
GH-Bosumtwi,Bosumtwi,20181117,56,27.239
GH-Bosumtwi,Bosumtwi,20181117,57,27.236
GH-Bosumtwi,Bosumtwi,20181117,58,27.233
GH-Bosumtwi,Bosumtwi,20181117,59,27.23
GH-Bosumtwi,Bosumtwi,20181117,60,27.227
GH-Bosumtwi,Bosumtwi,20181117,61,27.223
GH-Bosumtwi,Bosumtwi,20181117,62,27.222
GH-Bosumtwi,Bosumtwi,20181117,63,27.222
GH-Bosumtwi,Bosumtwi,20181117,64,27.22
GH-Bosumtwi,Bosumtwi,20181117,65,27.216
GH-Bosumtwi,Bosumtwi,20181117,66,27.216
GH-Bosumtwi,Bosumtwi,20181117,67,27.216
GH-Bosumtwi,Bosumtwi,20181117,68,27.216
GH-Bosumtwi,Bosumtwi,20181117,69,27.216
GH-Bosumtwi,Bosumtwi,20181117,70,27.216
GH-Bosumtwi,Bosumtwi,20181214,0,30.783
GH-Bosumtwi,Bosumtwi,20181214,1,30.613
GH-Bosumtwi,Bosumtwi,20181214,2,30.479
GH-Bosumtwi,Bosumtwi,20181214,3,30.436
GH-Bosumtwi,Bosumtwi,20181214,4,30.419
GH-Bosumtwi,Bosumtwi,20181214,5,30.386
GH-Bosumtwi,Bosumtwi,20181214,6,30.34
GH-Bosumtwi,Bosumtwi,20181214,7,29.931
GH-Bosumtwi,Bosumtwi,20181214,8,29.661
GH-Bosumtwi,Bosumtwi,20181214,9,29.34
GH-Bosumtwi,Bosumtwi,20181214,10,28.609
GH-Bosumtwi,Bosumtwi,20181214,11,28.4
GH-Bosumtwi,Bosumtwi,20181214,12,28.306
GH-Bosumtwi,Bosumtwi,20181214,13,28.134
GH-Bosumtwi,Bosumtwi,20181214,14,27.964
GH-Bosumtwi,Bosumtwi,20181214,15,27.934
GH-Bosumtwi,Bosumtwi,20181214,16,27.9
GH-Bosumtwi,Bosumtwi,20181214,17,27.852
GH-Bosumtwi,Bosumtwi,20181214,18,27.813
GH-Bosumtwi,Bosumtwi,20181214,19,27.796
GH-Bosumtwi,Bosumtwi,20181214,20,27.781
GH-Bosumtwi,Bosumtwi,20181214,21,27.766
GH-Bosumtwi,Bosumtwi,20181214,22,27.749
GH-Bosumtwi,Bosumtwi,20181214,23,27.725
GH-Bosumtwi,Bosumtwi,20181214,24,27.717
GH-Bosumtwi,Bosumtwi,20181214,25,27.686
GH-Bosumtwi,Bosumtwi,20181214,26,27.663
GH-Bosumtwi,Bosumtwi,20181214,27,27.639
GH-Bosumtwi,Bosumtwi,20181214,28,27.609
GH-Bosumtwi,Bosumtwi,20181214,29,27.581
GH-Bosumtwi,Bosumtwi,20181214,30,27.577
GH-Bosumtwi,Bosumtwi,20181214,31,27.538
GH-Bosumtwi,Bosumtwi,20181214,32,27.517
GH-Bosumtwi,Bosumtwi,20181214,33,27.457
GH-Bosumtwi,Bosumtwi,20181214,34,27.425
GH-Bosumtwi,Bosumtwi,20181214,35,27.412
GH-Bosumtwi,Bosumtwi,20181214,36,27.379
GH-Bosumtwi,Bosumtwi,20181214,37,27.37
GH-Bosumtwi,Bosumtwi,20181214,38,27.366
GH-Bosumtwi,Bosumtwi,20181214,39,27.343
GH-Bosumtwi,Bosumtwi,20181214,40,27.328
GH-Bosumtwi,Bosumtwi,20181214,41,27.308
GH-Bosumtwi,Bosumtwi,20181214,42,27.301
GH-Bosumtwi,Bosumtwi,20181214,43,27.297
GH-Bosumtwi,Bosumtwi,20181214,44,27.278
GH-Bosumtwi,Bosumtwi,20181214,45,27.269
GH-Bosumtwi,Bosumtwi,20181214,46,27.263
GH-Bosumtwi,Bosumtwi,20181214,47,27.26
GH-Bosumtwi,Bosumtwi,20181214,48,27.251
GH-Bosumtwi,Bosumtwi,20181214,49,27.251
GH-Bosumtwi,Bosumtwi,20181214,50,27.251
GH-Bosumtwi,Bosumtwi,20181214,51,27.251
GH-Bosumtwi,Bosumtwi,20181214,52,27.249
GH-Bosumtwi,Bosumtwi,20181214,53,27.245
GH-Bosumtwi,Bosumtwi,20181214,54,27.238
GH-Bosumtwi,Bosumtwi,20181214,55,27.235
GH-Bosumtwi,Bosumtwi,20181214,56,27.233
GH-Bosumtwi,Bosumtwi,20181214,57,27.231
GH-Bosumtwi,Bosumtwi,20181214,58,27.227
GH-Bosumtwi,Bosumtwi,20181214,59,27.226
GH-Bosumtwi,Bosumtwi,20181214,60,27.224
GH-Bosumtwi,Bosumtwi,20181214,61,27.223
GH-Bosumtwi,Bosumtwi,20181214,62,27.222
GH-Bosumtwi,Bosumtwi,20181214,63,27.222
GH-Bosumtwi,Bosumtwi,20181214,64,27.221
GH-Bosumtwi,Bosumtwi,20181214,65,27.218
GH-Bosumtwi,Bosumtwi,20181214,66,27.218
GH-Bosumtwi,Bosumtwi,20181214,67,27.218
GH-Bosumtwi,Bosumtwi,20181214,68,27.217
GH-Bosumtwi,Bosumtwi,20181214,69,27.217
GH-Bosumtwi,Bosumtwi,20181214,70,27.217
GH-Bosumtwi,Bosumtwi,20190120,0,30.472
GH-Bosumtwi,Bosumtwi,20190120,1,30.119
GH-Bosumtwi,Bosumtwi,20190120,2,29.976
GH-Bosumtwi,Bosumtwi,20190120,3,29.935
GH-Bosumtwi,Bosumtwi,20190120,4,29.916
GH-Bosumtwi,Bosumtwi,20190120,5,29.855
GH-Bosumtwi,Bosumtwi,20190120,6,29.564
GH-Bosumtwi,Bosumtwi,20190120,7,29.2
GH-Bosumtwi,Bosumtwi,20190120,8,29.074
GH-Bosumtwi,Bosumtwi,20190120,9,29.031
GH-Bosumtwi,Bosumtwi,20190120,10,28.984
GH-Bosumtwi,Bosumtwi,20190120,11,28.903
GH-Bosumtwi,Bosumtwi,20190120,12,28.68
GH-Bosumtwi,Bosumtwi,20190120,13,28.408
GH-Bosumtwi,Bosumtwi,20190120,14,28.184
GH-Bosumtwi,Bosumtwi,20190120,15,28.023
GH-Bosumtwi,Bosumtwi,20190120,16,27.887
GH-Bosumtwi,Bosumtwi,20190120,17,27.833
GH-Bosumtwi,Bosumtwi,20190120,18,27.773
GH-Bosumtwi,Bosumtwi,20190120,19,27.756
GH-Bosumtwi,Bosumtwi,20190120,20,27.721
GH-Bosumtwi,Bosumtwi,20190120,21,27.712
GH-Bosumtwi,Bosumtwi,20190120,22,27.689
GH-Bosumtwi,Bosumtwi,20190120,23,27.663
GH-Bosumtwi,Bosumtwi,20190120,24,27.65
GH-Bosumtwi,Bosumtwi,20190120,25,27.61
GH-Bosumtwi,Bosumtwi,20190120,26,27.605
GH-Bosumtwi,Bosumtwi,20190120,27,27.584
GH-Bosumtwi,Bosumtwi,20190120,28,27.567
GH-Bosumtwi,Bosumtwi,20190120,29,27.537
GH-Bosumtwi,Bosumtwi,20190120,30,27.468
GH-Bosumtwi,Bosumtwi,20190120,31,27.45
GH-Bosumtwi,Bosumtwi,20190120,32,27.426
GH-Bosumtwi,Bosumtwi,20190120,33,27.415
GH-Bosumtwi,Bosumtwi,20190120,34,27.41
GH-Bosumtwi,Bosumtwi,20190120,35,27.395
GH-Bosumtwi,Bosumtwi,20190120,36,27.376
GH-Bosumtwi,Bosumtwi,20190120,37,27.369
GH-Bosumtwi,Bosumtwi,20190120,38,27.349
GH-Bosumtwi,Bosumtwi,20190120,39,27.344
GH-Bosumtwi,Bosumtwi,20190120,40,27.329
GH-Bosumtwi,Bosumtwi,20190120,41,27.328
GH-Bosumtwi,Bosumtwi,20190120,42,27.325
GH-Bosumtwi,Bosumtwi,20190120,43,27.299
GH-Bosumtwi,Bosumtwi,20190120,44,27.293
GH-Bosumtwi,Bosumtwi,20190120,45,27.276
GH-Bosumtwi,Bosumtwi,20190120,46,27.272
GH-Bosumtwi,Bosumtwi,20190120,47,27.267
GH-Bosumtwi,Bosumtwi,20190120,48,27.267
GH-Bosumtwi,Bosumtwi,20190120,49,27.267
GH-Bosumtwi,Bosumtwi,20190120,50,27.259
GH-Bosumtwi,Bosumtwi,20190120,51,27.251
GH-Bosumtwi,Bosumtwi,20190120,52,27.247
GH-Bosumtwi,Bosumtwi,20190120,53,27.244
GH-Bosumtwi,Bosumtwi,20190120,54,27.236
GH-Bosumtwi,Bosumtwi,20190120,55,27.235
GH-Bosumtwi,Bosumtwi,20190120,56,27.234
GH-Bosumtwi,Bosumtwi,20190120,57,27.233
GH-Bosumtwi,Bosumtwi,20190120,58,27.233
GH-Bosumtwi,Bosumtwi,20190120,59,27.232
GH-Bosumtwi,Bosumtwi,20190120,60,27.232
GH-Bosumtwi,Bosumtwi,20190120,61,27.226
GH-Bosumtwi,Bosumtwi,20190120,62,27.225
GH-Bosumtwi,Bosumtwi,20190120,63,27.221
GH-Bosumtwi,Bosumtwi,20190120,64,27.22
GH-Bosumtwi,Bosumtwi,20190120,65,27.219
GH-Bosumtwi,Bosumtwi,20190120,66,27.219
GH-Bosumtwi,Bosumtwi,20190120,67,27.219
GH-Bosumtwi,Bosumtwi,20190120,68,27.219
GH-Bosumtwi,Bosumtwi,20190120,69,27.219
GH-Bosumtwi,Bosumtwi,20190120,70,27.219
GH-Bosumtwi,Bosumtwi,20190223,0,30.573
GH-Bosumtwi,Bosumtwi,20190223,1,30.571
GH-Bosumtwi,Bosumtwi,20190223,2,30.577
GH-Bosumtwi,Bosumtwi,20190223,3,30.551
GH-Bosumtwi,Bosumtwi,20190223,4,30.511
GH-Bosumtwi,Bosumtwi,20190223,5,30.144
GH-Bosumtwi,Bosumtwi,20190223,6,29.953
GH-Bosumtwi,Bosumtwi,20190223,7,29.777
GH-Bosumtwi,Bosumtwi,20190223,8,29.706
GH-Bosumtwi,Bosumtwi,20190223,9,29.421
GH-Bosumtwi,Bosumtwi,20190223,10,29.114
GH-Bosumtwi,Bosumtwi,20190223,11,28.742
GH-Bosumtwi,Bosumtwi,20190223,12,28.454
GH-Bosumtwi,Bosumtwi,20190223,13,28.375
GH-Bosumtwi,Bosumtwi,20190223,14,28.108
GH-Bosumtwi,Bosumtwi,20190223,15,28.001
GH-Bosumtwi,Bosumtwi,20190223,16,27.909
GH-Bosumtwi,Bosumtwi,20190223,17,27.827
GH-Bosumtwi,Bosumtwi,20190223,18,27.79
GH-Bosumtwi,Bosumtwi,20190223,19,27.741
GH-Bosumtwi,Bosumtwi,20190223,20,27.714
GH-Bosumtwi,Bosumtwi,20190223,21,27.707
GH-Bosumtwi,Bosumtwi,20190223,22,27.679
GH-Bosumtwi,Bosumtwi,20190223,23,27.665
GH-Bosumtwi,Bosumtwi,20190223,24,27.635
GH-Bosumtwi,Bosumtwi,20190223,25,27.626
GH-Bosumtwi,Bosumtwi,20190223,26,27.602
GH-Bosumtwi,Bosumtwi,20190223,27,27.59
GH-Bosumtwi,Bosumtwi,20190223,28,27.542
GH-Bosumtwi,Bosumtwi,20190223,29,27.531
GH-Bosumtwi,Bosumtwi,20190223,30,27.518
GH-Bosumtwi,Bosumtwi,20190223,31,27.5
GH-Bosumtwi,Bosumtwi,20190223,32,27.491
GH-Bosumtwi,Bosumtwi,20190223,33,27.461
GH-Bosumtwi,Bosumtwi,20190223,34,27.42
GH-Bosumtwi,Bosumtwi,20190223,35,27.412
GH-Bosumtwi,Bosumtwi,20190223,36,27.403
GH-Bosumtwi,Bosumtwi,20190223,37,27.401
GH-Bosumtwi,Bosumtwi,20190223,38,27.363
GH-Bosumtwi,Bosumtwi,20190223,39,27.345
GH-Bosumtwi,Bosumtwi,20190223,40,27.33
GH-Bosumtwi,Bosumtwi,20190223,41,27.313
GH-Bosumtwi,Bosumtwi,20190223,42,27.302
GH-Bosumtwi,Bosumtwi,20190223,43,27.294
GH-Bosumtwi,Bosumtwi,20190223,44,27.29
GH-Bosumtwi,Bosumtwi,20190223,45,27.283
GH-Bosumtwi,Bosumtwi,20190223,46,27.274
GH-Bosumtwi,Bosumtwi,20190223,47,27.273
GH-Bosumtwi,Bosumtwi,20190223,48,27.262
GH-Bosumtwi,Bosumtwi,20190223,49,27.259
GH-Bosumtwi,Bosumtwi,20190223,50,27.254
GH-Bosumtwi,Bosumtwi,20190223,51,27.252
GH-Bosumtwi,Bosumtwi,20190223,52,27.251
GH-Bosumtwi,Bosumtwi,20190223,53,27.249
GH-Bosumtwi,Bosumtwi,20190223,54,27.247
GH-Bosumtwi,Bosumtwi,20190223,55,27.243
GH-Bosumtwi,Bosumtwi,20190223,56,27.24
GH-Bosumtwi,Bosumtwi,20190223,57,27.239
GH-Bosumtwi,Bosumtwi,20190223,58,27.234
GH-Bosumtwi,Bosumtwi,20190223,59,27.233
GH-Bosumtwi,Bosumtwi,20190223,60,27.232
GH-Bosumtwi,Bosumtwi,20190223,61,27.232
GH-Bosumtwi,Bosumtwi,20190223,62,27.226
GH-Bosumtwi,Bosumtwi,20190223,63,27.226
GH-Bosumtwi,Bosumtwi,20190223,64,27.226
GH-Bosumtwi,Bosumtwi,20190223,65,27.226
GH-Bosumtwi,Bosumtwi,20190223,66,27.226
GH-Bosumtwi,Bosumtwi,20190223,67,27.226
GH-Bosumtwi,Bosumtwi,20190223,68,27.226
GH-Bosumtwi,Bosumtwi,20190223,69,27.226
GH-Bosumtwi,Bosumtwi,20190223,70,27.226
GH-Bosumtwi,Bosumtwi,20190323,0,30.371
GH-Bosumtwi,Bosumtwi,20190323,1,30.346
GH-Bosumtwi,Bosumtwi,20190323,2,30.315
GH-Bosumtwi,Bosumtwi,20190323,3,30.298
GH-Bosumtwi,Bosumtwi,20190323,4,30.291
GH-Bosumtwi,Bosumtwi,20190323,5,30.287
GH-Bosumtwi,Bosumtwi,20190323,6,30.282
GH-Bosumtwi,Bosumtwi,20190323,7,30.203
GH-Bosumtwi,Bosumtwi,20190323,8,30.068
GH-Bosumtwi,Bosumtwi,20190323,9,9.045
GH-Bosumtwi,Bosumtwi,20190323,10,29.417
GH-Bosumtwi,Bosumtwi,20190323,11,29.246
GH-Bosumtwi,Bosumtwi,20190323,12,29.15
GH-Bosumtwi,Bosumtwi,20190323,13,29.043
GH-Bosumtwi,Bosumtwi,20190323,14,28.759
GH-Bosumtwi,Bosumtwi,20190323,15,28.456
GH-Bosumtwi,Bosumtwi,20190323,16,28.04
GH-Bosumtwi,Bosumtwi,20190323,17,27.97
GH-Bosumtwi,Bosumtwi,20190323,18,27.903
GH-Bosumtwi,Bosumtwi,20190323,19,27.833
GH-Bosumtwi,Bosumtwi,20190323,20,27.775
GH-Bosumtwi,Bosumtwi,20190323,21,27.724
GH-Bosumtwi,Bosumtwi,20190323,22,27.692
GH-Bosumtwi,Bosumtwi,20190323,23,27.679
GH-Bosumtwi,Bosumtwi,20190323,24,27.656
GH-Bosumtwi,Bosumtwi,20190323,25,27.635
GH-Bosumtwi,Bosumtwi,20190323,26,27.621
GH-Bosumtwi,Bosumtwi,20190323,27,27.578
GH-Bosumtwi,Bosumtwi,20190323,28,27.571
GH-Bosumtwi,Bosumtwi,20190323,29,27.565
GH-Bosumtwi,Bosumtwi,20190323,30,27.547
GH-Bosumtwi,Bosumtwi,20190323,31,27.54
GH-Bosumtwi,Bosumtwi,20190323,32,27.529
GH-Bosumtwi,Bosumtwi,20190323,33,27.514
GH-Bosumtwi,Bosumtwi,20190323,34,27.497
GH-Bosumtwi,Bosumtwi,20190323,35,27.464
GH-Bosumtwi,Bosumtwi,20190323,36,27.44
GH-Bosumtwi,Bosumtwi,20190323,37,27.438
GH-Bosumtwi,Bosumtwi,20190323,38,27.425
GH-Bosumtwi,Bosumtwi,20190323,39,27.4
GH-Bosumtwi,Bosumtwi,20190323,40,27.381
GH-Bosumtwi,Bosumtwi,20190323,41,27.372
GH-Bosumtwi,Bosumtwi,20190323,42,27.346
GH-Bosumtwi,Bosumtwi,20190323,43,27.333
GH-Bosumtwi,Bosumtwi,20190323,44,27.326
GH-Bosumtwi,Bosumtwi,20190323,45,27.31
GH-Bosumtwi,Bosumtwi,20190323,46,27.304
GH-Bosumtwi,Bosumtwi,20190323,47,27.286
GH-Bosumtwi,Bosumtwi,20190323,48,27.279
GH-Bosumtwi,Bosumtwi,20190323,49,27.278
GH-Bosumtwi,Bosumtwi,20190323,50,27.273
GH-Bosumtwi,Bosumtwi,20190323,51,27.271
GH-Bosumtwi,Bosumtwi,20190323,52,27.27
GH-Bosumtwi,Bosumtwi,20190323,53,27.267
GH-Bosumtwi,Bosumtwi,20190323,54,27.265
GH-Bosumtwi,Bosumtwi,20190323,55,27.255
GH-Bosumtwi,Bosumtwi,20190323,56,27.252
GH-Bosumtwi,Bosumtwi,20190323,57,27.251
GH-Bosumtwi,Bosumtwi,20190323,58,27.25
GH-Bosumtwi,Bosumtwi,20190323,59,27.248
GH-Bosumtwi,Bosumtwi,20190323,60,27.246
GH-Bosumtwi,Bosumtwi,20190323,61,27.244
GH-Bosumtwi,Bosumtwi,20190323,62,27.242
GH-Bosumtwi,Bosumtwi,20190323,63,27.24
GH-Bosumtwi,Bosumtwi,20190323,64,27.237
GH-Bosumtwi,Bosumtwi,20190323,65,27.237
GH-Bosumtwi,Bosumtwi,20190323,66,27.237
GH-Bosumtwi,Bosumtwi,20190323,67,27.237
GH-Bosumtwi,Bosumtwi,20190323,68,27.237
GH-Bosumtwi,Bosumtwi,20190323,69,27.236
GH-Bosumtwi,Bosumtwi,20190323,70,27.236
GH-Bosumtwi,Bosumtwi,20190509,0,32.71
GH-Bosumtwi,Bosumtwi,20190509,1,32.448
GH-Bosumtwi,Bosumtwi,20190509,2,32.263
GH-Bosumtwi,Bosumtwi,20190509,3,32.1
GH-Bosumtwi,Bosumtwi,20190509,4,31.917
GH-Bosumtwi,Bosumtwi,20190509,5,31.794
GH-Bosumtwi,Bosumtwi,20190509,6,31.427
GH-Bosumtwi,Bosumtwi,20190509,7,30.884
GH-Bosumtwi,Bosumtwi,20190509,8,30.544
GH-Bosumtwi,Bosumtwi,20190509,9,30.186
GH-Bosumtwi,Bosumtwi,20190509,10,30.015
GH-Bosumtwi,Bosumtwi,20190509,11,29.527
GH-Bosumtwi,Bosumtwi,20190509,12,29.171
GH-Bosumtwi,Bosumtwi,20190509,13,29.007
GH-Bosumtwi,Bosumtwi,20190509,14,28.679
GH-Bosumtwi,Bosumtwi,20190509,15,28.434
GH-Bosumtwi,Bosumtwi,20190509,16,28.369
GH-Bosumtwi,Bosumtwi,20190509,17,28.277
GH-Bosumtwi,Bosumtwi,20190509,18,28.05
GH-Bosumtwi,Bosumtwi,20190509,19,28.003
GH-Bosumtwi,Bosumtwi,20190509,20,27.862
GH-Bosumtwi,Bosumtwi,20190509,21,27.771
GH-Bosumtwi,Bosumtwi,20190509,22,27.68
GH-Bosumtwi,Bosumtwi,20190509,23,27.62
GH-Bosumtwi,Bosumtwi,20190509,24,27.599
GH-Bosumtwi,Bosumtwi,20190509,25,27.57
GH-Bosumtwi,Bosumtwi,20190509,26,27.559
GH-Bosumtwi,Bosumtwi,20190509,27,27.544
GH-Bosumtwi,Bosumtwi,20190509,28,27.538
GH-Bosumtwi,Bosumtwi,20190509,29,27.534
GH-Bosumtwi,Bosumtwi,20190509,30,27.501
GH-Bosumtwi,Bosumtwi,20190509,31,27.492
GH-Bosumtwi,Bosumtwi,20190509,32,27.474
GH-Bosumtwi,Bosumtwi,20190509,33,27.46
GH-Bosumtwi,Bosumtwi,20190509,34,27.456
GH-Bosumtwi,Bosumtwi,20190509,35,27.442
GH-Bosumtwi,Bosumtwi,20190509,36,27.433
GH-Bosumtwi,Bosumtwi,20190509,37,27.416
GH-Bosumtwi,Bosumtwi,20190509,38,27.413
GH-Bosumtwi,Bosumtwi,20190509,39,27.406
GH-Bosumtwi,Bosumtwi,20190509,40,27.384
GH-Bosumtwi,Bosumtwi,20190509,41,27.379
GH-Bosumtwi,Bosumtwi,20190509,42,27.371
GH-Bosumtwi,Bosumtwi,20190509,43,27.364
GH-Bosumtwi,Bosumtwi,20190509,44,27.356
GH-Bosumtwi,Bosumtwi,20190509,45,27.35
GH-Bosumtwi,Bosumtwi,20190509,46,27.346
GH-Bosumtwi,Bosumtwi,20190509,47,27.344
GH-Bosumtwi,Bosumtwi,20190509,48,27.334
GH-Bosumtwi,Bosumtwi,20190509,49,27.33
GH-Bosumtwi,Bosumtwi,20190509,50,27.326
GH-Bosumtwi,Bosumtwi,20190509,51,27.324
GH-Bosumtwi,Bosumtwi,20190509,52,27.319
GH-Bosumtwi,Bosumtwi,20190509,53,27.3
GH-Bosumtwi,Bosumtwi,20190509,54,27.295
GH-Bosumtwi,Bosumtwi,20190509,55,27.292
GH-Bosumtwi,Bosumtwi,20190509,56,27.29
GH-Bosumtwi,Bosumtwi,20190509,57,27.288
GH-Bosumtwi,Bosumtwi,20190509,58,27.281
GH-Bosumtwi,Bosumtwi,20190509,59,27.278
GH-Bosumtwi,Bosumtwi,20190509,60,27.274
GH-Bosumtwi,Bosumtwi,20190509,61,27.271
GH-Bosumtwi,Bosumtwi,20190509,62,27.268
GH-Bosumtwi,Bosumtwi,20190509,63,27.265
GH-Bosumtwi,Bosumtwi,20190509,64,27.263
GH-Bosumtwi,Bosumtwi,20190509,65,27.262
GH-Bosumtwi,Bosumtwi,20190509,66,27.26
GH-Bosumtwi,Bosumtwi,20190509,67,27.26
GH-Bosumtwi,Bosumtwi,20190509,68,27.26
GH-Bosumtwi,Bosumtwi,20190509,69,27.259
GH-Bosumtwi,Bosumtwi,20190509,70,27.259
GH-Bosumtwi,Bosumtwi,20190621,0,30.868
GH-Bosumtwi,Bosumtwi,20190621,1,30.887
GH-Bosumtwi,Bosumtwi,20190621,2,30.74
GH-Bosumtwi,Bosumtwi,20190621,3,30.653
GH-Bosumtwi,Bosumtwi,20190621,4,30.439
GH-Bosumtwi,Bosumtwi,20190621,5,30.218
GH-Bosumtwi,Bosumtwi,20190621,6,30.066
GH-Bosumtwi,Bosumtwi,20190621,7,30.008
GH-Bosumtwi,Bosumtwi,20190621,8,29.811
GH-Bosumtwi,Bosumtwi,20190621,9,29.742
GH-Bosumtwi,Bosumtwi,20190621,10,29.716
GH-Bosumtwi,Bosumtwi,20190621,11,29.659
GH-Bosumtwi,Bosumtwi,20190621,12,29.64
GH-Bosumtwi,Bosumtwi,20190621,13,29.515
GH-Bosumtwi,Bosumtwi,20190621,14,29.5
GH-Bosumtwi,Bosumtwi,20190621,15,29.439
GH-Bosumtwi,Bosumtwi,20190621,16,28.762
GH-Bosumtwi,Bosumtwi,20190621,17,28.455
GH-Bosumtwi,Bosumtwi,20190621,18,28.152
GH-Bosumtwi,Bosumtwi,20190621,19,28.072
GH-Bosumtwi,Bosumtwi,20190621,20,27.878
GH-Bosumtwi,Bosumtwi,20190621,21,27.793
GH-Bosumtwi,Bosumtwi,20190621,22,27.727
GH-Bosumtwi,Bosumtwi,20190621,23,27.679
GH-Bosumtwi,Bosumtwi,20190621,24,27.637
GH-Bosumtwi,Bosumtwi,20190621,25,27.624
GH-Bosumtwi,Bosumtwi,20190621,26,27.615
GH-Bosumtwi,Bosumtwi,20190621,27,27.59
GH-Bosumtwi,Bosumtwi,20190621,28,27.574
GH-Bosumtwi,Bosumtwi,20190621,29,27.55
GH-Bosumtwi,Bosumtwi,20190621,30,27.53
GH-Bosumtwi,Bosumtwi,20190621,31,27.519
GH-Bosumtwi,Bosumtwi,20190621,32,27.517
GH-Bosumtwi,Bosumtwi,20190621,33,27.511
GH-Bosumtwi,Bosumtwi,20190621,34,27.499
GH-Bosumtwi,Bosumtwi,20190621,35,27.492
GH-Bosumtwi,Bosumtwi,20190621,36,27.448
GH-Bosumtwi,Bosumtwi,20190621,37,27.431
GH-Bosumtwi,Bosumtwi,20190621,38,27.418
GH-Bosumtwi,Bosumtwi,20190621,39,27.409
GH-Bosumtwi,Bosumtwi,20190621,40,27.388
GH-Bosumtwi,Bosumtwi,20190621,41,27.372
GH-Bosumtwi,Bosumtwi,20190621,42,27.362
GH-Bosumtwi,Bosumtwi,20190621,43,27.358
GH-Bosumtwi,Bosumtwi,20190621,44,27.35
GH-Bosumtwi,Bosumtwi,20190621,45,27.338
GH-Bosumtwi,Bosumtwi,20190621,46,27.328
GH-Bosumtwi,Bosumtwi,20190621,47,27.322
GH-Bosumtwi,Bosumtwi,20190621,48,27.316
GH-Bosumtwi,Bosumtwi,20190621,49,27.309
GH-Bosumtwi,Bosumtwi,20190621,50,27.304
GH-Bosumtwi,Bosumtwi,20190621,51,27.299
GH-Bosumtwi,Bosumtwi,20190621,52,27.291
GH-Bosumtwi,Bosumtwi,20190621,53,27.288
GH-Bosumtwi,Bosumtwi,20190621,54,27.285
GH-Bosumtwi,Bosumtwi,20190621,55,27.281
GH-Bosumtwi,Bosumtwi,20190621,56,27.279
GH-Bosumtwi,Bosumtwi,20190621,57,27.276
GH-Bosumtwi,Bosumtwi,20190621,58,27.274
GH-Bosumtwi,Bosumtwi,20190621,59,27.273
GH-Bosumtwi,Bosumtwi,20190621,60,27.272
GH-Bosumtwi,Bosumtwi,20190621,61,27.27
GH-Bosumtwi,Bosumtwi,20190621,62,27.27
GH-Bosumtwi,Bosumtwi,20190621,63,27.268
GH-Bosumtwi,Bosumtwi,20190621,64,27.265
GH-Bosumtwi,Bosumtwi,20190621,65,27.264
GH-Bosumtwi,Bosumtwi,20190621,66,27.264
GH-Bosumtwi,Bosumtwi,20190621,67,27.264
GH-Bosumtwi,Bosumtwi,20190720,0,28.561
GH-Bosumtwi,Bosumtwi,20190720,1,28.537
GH-Bosumtwi,Bosumtwi,20190720,2,28.519
GH-Bosumtwi,Bosumtwi,20190720,3,28.48
GH-Bosumtwi,Bosumtwi,20190720,4,28.474
GH-Bosumtwi,Bosumtwi,20190720,5,28.467
GH-Bosumtwi,Bosumtwi,20190720,6,28.466
GH-Bosumtwi,Bosumtwi,20190720,7,28.463
GH-Bosumtwi,Bosumtwi,20190720,8,28.462
GH-Bosumtwi,Bosumtwi,20190720,9,28.461
GH-Bosumtwi,Bosumtwi,20190720,10,28.462
GH-Bosumtwi,Bosumtwi,20190720,11,28.456
GH-Bosumtwi,Bosumtwi,20190720,12,28.455
GH-Bosumtwi,Bosumtwi,20190720,13,28.455
GH-Bosumtwi,Bosumtwi,20190720,14,28.456
GH-Bosumtwi,Bosumtwi,20190720,15,28.455
GH-Bosumtwi,Bosumtwi,20190720,16,28.456
GH-Bosumtwi,Bosumtwi,20190720,17,28.455
GH-Bosumtwi,Bosumtwi,20190720,18,28.454
GH-Bosumtwi,Bosumtwi,20190720,19,28.449
GH-Bosumtwi,Bosumtwi,20190720,20,28.448
GH-Bosumtwi,Bosumtwi,20190720,21,28.437
GH-Bosumtwi,Bosumtwi,20190720,22,28.218
GH-Bosumtwi,Bosumtwi,20190720,23,27.809
GH-Bosumtwi,Bosumtwi,20190720,24,27.756
GH-Bosumtwi,Bosumtwi,20190720,25,27.722
GH-Bosumtwi,Bosumtwi,20190720,26,27.698
GH-Bosumtwi,Bosumtwi,20190720,27,27.666
GH-Bosumtwi,Bosumtwi,20190720,28,27.638
GH-Bosumtwi,Bosumtwi,20190720,29,27.624
GH-Bosumtwi,Bosumtwi,20190720,30,27.57
GH-Bosumtwi,Bosumtwi,20190720,31,27.52
GH-Bosumtwi,Bosumtwi,20190720,32,27.487
GH-Bosumtwi,Bosumtwi,20190720,33,27.475
GH-Bosumtwi,Bosumtwi,20190720,34,27.459
GH-Bosumtwi,Bosumtwi,20190720,35,27.457
GH-Bosumtwi,Bosumtwi,20190720,36,27.444
GH-Bosumtwi,Bosumtwi,20190720,37,27.423
GH-Bosumtwi,Bosumtwi,20190720,38,27.408
GH-Bosumtwi,Bosumtwi,20190720,39,27.392
GH-Bosumtwi,Bosumtwi,20190720,40,27.387
GH-Bosumtwi,Bosumtwi,20190720,41,27.377
GH-Bosumtwi,Bosumtwi,20190720,42,27.367
GH-Bosumtwi,Bosumtwi,20190720,43,27.364
GH-Bosumtwi,Bosumtwi,20190720,44,27.349
GH-Bosumtwi,Bosumtwi,20190720,45,27.346
GH-Bosumtwi,Bosumtwi,20190720,46,27.332
GH-Bosumtwi,Bosumtwi,20190720,47,27.321
GH-Bosumtwi,Bosumtwi,20190720,48,27.318
GH-Bosumtwi,Bosumtwi,20190720,49,27.303
GH-Bosumtwi,Bosumtwi,20190720,50,27.299
GH-Bosumtwi,Bosumtwi,20190720,51,27.296
GH-Bosumtwi,Bosumtwi,20190720,52,27.292
GH-Bosumtwi,Bosumtwi,20190720,53,27.285
GH-Bosumtwi,Bosumtwi,20190720,54,27.282
GH-Bosumtwi,Bosumtwi,20190720,55,27.278
GH-Bosumtwi,Bosumtwi,20190720,56,27.277
GH-Bosumtwi,Bosumtwi,20190720,57,27.276
GH-Bosumtwi,Bosumtwi,20190720,58,27.276
GH-Bosumtwi,Bosumtwi,20190720,59,27.274
GH-Bosumtwi,Bosumtwi,20190720,60,27.273
GH-Bosumtwi,Bosumtwi,20190720,61,27.271
GH-Bosumtwi,Bosumtwi,20190720,62,27.268
GH-Bosumtwi,Bosumtwi,20190720,63,27.268
GH-Bosumtwi,Bosumtwi,20190720,64,27.266
GH-Bosumtwi,Bosumtwi,20190720,65,27.266
GH-Bosumtwi,Bosumtwi,20190720,66,27.264
GH-Bosumtwi,Bosumtwi,20190720,67,27.264
GH-Bosumtwi,Bosumtwi,20190720,68,27.264
GH-Bosumtwi,Bosumtwi,20190824,0,27.602
GH-Bosumtwi,Bosumtwi,20190824,1,27.608
GH-Bosumtwi,Bosumtwi,20190824,2,27.612
GH-Bosumtwi,Bosumtwi,20190824,3,27.611
GH-Bosumtwi,Bosumtwi,20190824,4,27.612
GH-Bosumtwi,Bosumtwi,20190824,5,27.611
GH-Bosumtwi,Bosumtwi,20190824,6,27.607
GH-Bosumtwi,Bosumtwi,20190824,7,27.608
GH-Bosumtwi,Bosumtwi,20190824,8,27.606
GH-Bosumtwi,Bosumtwi,20190824,9,27.607
GH-Bosumtwi,Bosumtwi,20190824,10,27.607
GH-Bosumtwi,Bosumtwi,20190824,11,27.608
GH-Bosumtwi,Bosumtwi,20190824,12,27.606
GH-Bosumtwi,Bosumtwi,20190824,13,27.605
GH-Bosumtwi,Bosumtwi,20190824,14,27.604
GH-Bosumtwi,Bosumtwi,20190824,15,27.598
GH-Bosumtwi,Bosumtwi,20190824,16,27.596
GH-Bosumtwi,Bosumtwi,20190824,17,27.594
GH-Bosumtwi,Bosumtwi,20190824,18,27.594
GH-Bosumtwi,Bosumtwi,20190824,19,27.594
GH-Bosumtwi,Bosumtwi,20190824,20,27.593
GH-Bosumtwi,Bosumtwi,20190824,21,27.592
GH-Bosumtwi,Bosumtwi,20190824,22,27.592
GH-Bosumtwi,Bosumtwi,20190824,23,27.592
GH-Bosumtwi,Bosumtwi,20190824,24,27.592
GH-Bosumtwi,Bosumtwi,20190824,25,27.591
GH-Bosumtwi,Bosumtwi,20190824,26,27.591
GH-Bosumtwi,Bosumtwi,20190824,27,27.591
GH-Bosumtwi,Bosumtwi,20190824,28,27.59
GH-Bosumtwi,Bosumtwi,20190824,29,27.589
GH-Bosumtwi,Bosumtwi,20190824,30,27.587
GH-Bosumtwi,Bosumtwi,20190824,31,27.575
GH-Bosumtwi,Bosumtwi,20190824,32,27.563
GH-Bosumtwi,Bosumtwi,20190824,33,27.525
GH-Bosumtwi,Bosumtwi,20190824,34,27.498
GH-Bosumtwi,Bosumtwi,20190824,35,27.476
GH-Bosumtwi,Bosumtwi,20190824,36,27.453
GH-Bosumtwi,Bosumtwi,20190824,37,27.417
GH-Bosumtwi,Bosumtwi,20190824,38,27.406
GH-Bosumtwi,Bosumtwi,20190824,39,27.36
GH-Bosumtwi,Bosumtwi,20190824,40,27.353
GH-Bosumtwi,Bosumtwi,20190824,41,27.346
GH-Bosumtwi,Bosumtwi,20190824,42,27.342
GH-Bosumtwi,Bosumtwi,20190824,43,27.335
GH-Bosumtwi,Bosumtwi,20190824,44,27.319
GH-Bosumtwi,Bosumtwi,20190824,45,27.284
GH-Bosumtwi,Bosumtwi,20190824,46,27.279
GH-Bosumtwi,Bosumtwi,20190824,47,27.27
GH-Bosumtwi,Bosumtwi,20190824,48,27.259
GH-Bosumtwi,Bosumtwi,20190824,49,27.256
GH-Bosumtwi,Bosumtwi,20190824,50,27.253
GH-Bosumtwi,Bosumtwi,20190824,51,27.251
GH-Bosumtwi,Bosumtwi,20190824,52,27.25
GH-Bosumtwi,Bosumtwi,20190824,53,27.249
GH-Bosumtwi,Bosumtwi,20190824,54,27.248
GH-Bosumtwi,Bosumtwi,20190824,55,27.246
GH-Bosumtwi,Bosumtwi,20190824,56,27.244
GH-Bosumtwi,Bosumtwi,20190824,57,27.243
GH-Bosumtwi,Bosumtwi,20190824,58,27.243
GH-Bosumtwi,Bosumtwi,20190824,59,27.243
GH-Bosumtwi,Bosumtwi,20190824,60,27.243
GH-Bosumtwi,Bosumtwi,20190824,61,27.243
GH-Bosumtwi,Bosumtwi,20190824,62,27.242
GH-Bosumtwi,Bosumtwi,20190824,63,27.24
GH-Bosumtwi,Bosumtwi,20190824,64,27.238
GH-Bosumtwi,Bosumtwi,20190824,65,27.237
GH-Bosumtwi,Bosumtwi,20190824,66,27.237
GH-Bosumtwi,Bosumtwi,20190824,67,27.237
GH-Bosumtwi,Bosumtwi,20190824,68,27.237
GH-Bosumtwi,Bosumtwi,20190824,69,27.237
GH-Bosumtwi,Bosumtwi,20190910,0,28.114
GH-Bosumtwi,Bosumtwi,20190910,1,27.679
GH-Bosumtwi,Bosumtwi,20190910,2,27.629
GH-Bosumtwi,Bosumtwi,20190910,3,27.614
GH-Bosumtwi,Bosumtwi,20190910,4,27.606
GH-Bosumtwi,Bosumtwi,20190910,5,27.586
GH-Bosumtwi,Bosumtwi,20190910,6,27.574
GH-Bosumtwi,Bosumtwi,20190910,7,7.11
GH-Bosumtwi,Bosumtwi,20190910,8,27.484
GH-Bosumtwi,Bosumtwi,20190910,9,27.475
GH-Bosumtwi,Bosumtwi,20190910,10,27.462
GH-Bosumtwi,Bosumtwi,20190910,11,27.456
GH-Bosumtwi,Bosumtwi,20190910,12,27.456
GH-Bosumtwi,Bosumtwi,20190910,13,27.455
GH-Bosumtwi,Bosumtwi,20190910,14,27.45
GH-Bosumtwi,Bosumtwi,20190910,15,15.033
GH-Bosumtwi,Bosumtwi,20190910,16,27.446
GH-Bosumtwi,Bosumtwi,20190910,17,27.446
GH-Bosumtwi,Bosumtwi,20190910,18,27.444
GH-Bosumtwi,Bosumtwi,20190910,19,27.442
GH-Bosumtwi,Bosumtwi,20190910,20,27.44
GH-Bosumtwi,Bosumtwi,20190910,21,27.439
GH-Bosumtwi,Bosumtwi,20190910,22,27.438
GH-Bosumtwi,Bosumtwi,20190910,23,27.438
GH-Bosumtwi,Bosumtwi,20190910,24,27.438
GH-Bosumtwi,Bosumtwi,20190910,25,27.437
GH-Bosumtwi,Bosumtwi,20190910,26,27.437
GH-Bosumtwi,Bosumtwi,20190910,27,27.437
GH-Bosumtwi,Bosumtwi,20190910,28,27.435
GH-Bosumtwi,Bosumtwi,20190910,29,27.434
GH-Bosumtwi,Bosumtwi,20190910,30,27.432
GH-Bosumtwi,Bosumtwi,20190910,31,27.43
GH-Bosumtwi,Bosumtwi,20190910,32,27.425
GH-Bosumtwi,Bosumtwi,20190910,33,27.423
GH-Bosumtwi,Bosumtwi,20190910,34,27.421
GH-Bosumtwi,Bosumtwi,20190910,35,27.418
GH-Bosumtwi,Bosumtwi,20190910,36,27.416
GH-Bosumtwi,Bosumtwi,20190910,37,27.413
GH-Bosumtwi,Bosumtwi,20190910,38,27.409
GH-Bosumtwi,Bosumtwi,20190910,39,27.408
GH-Bosumtwi,Bosumtwi,20190910,40,27.403
GH-Bosumtwi,Bosumtwi,20190910,41,27.384
GH-Bosumtwi,Bosumtwi,20190910,42,27.374
GH-Bosumtwi,Bosumtwi,20190910,43,27.368
GH-Bosumtwi,Bosumtwi,20190910,44,27.366
GH-Bosumtwi,Bosumtwi,20190910,45,27.363
GH-Bosumtwi,Bosumtwi,20190910,46,27.35
GH-Bosumtwi,Bosumtwi,20190910,47,27.346
GH-Bosumtwi,Bosumtwi,20190910,48,27.322
GH-Bosumtwi,Bosumtwi,20190910,49,27.272
GH-Bosumtwi,Bosumtwi,20190910,50,27.26
GH-Bosumtwi,Bosumtwi,20190910,51,27.241
GH-Bosumtwi,Bosumtwi,20190910,52,27.233
GH-Bosumtwi,Bosumtwi,20190910,53,27.221
GH-Bosumtwi,Bosumtwi,20190910,54,27.219
GH-Bosumtwi,Bosumtwi,20190910,55,27.21
GH-Bosumtwi,Bosumtwi,20190910,56,27.209
GH-Bosumtwi,Bosumtwi,20190910,57,27.208
GH-Bosumtwi,Bosumtwi,20190910,58,27.204
GH-Bosumtwi,Bosumtwi,20190910,59,27.203
GH-Bosumtwi,Bosumtwi,20190910,60,27.201
GH-Bosumtwi,Bosumtwi,20190910,61,27.198
GH-Bosumtwi,Bosumtwi,20190910,62,27.197
GH-Bosumtwi,Bosumtwi,20190910,63,27.195
GH-Bosumtwi,Bosumtwi,20190910,64,27.195
GH-Bosumtwi,Bosumtwi,20190910,65,27.193
GH-Bosumtwi,Bosumtwi,20190910,66,27.192
GH-Bosumtwi,Bosumtwi,20190910,67,27.181
GH-Bosumtwi,Bosumtwi,20190910,68,27.18
GH-Bosumtwi,Bosumtwi,20191025,0,30.41
GH-Bosumtwi,Bosumtwi,20191025,1,29.68
GH-Bosumtwi,Bosumtwi,20191025,2,29.437
GH-Bosumtwi,Bosumtwi,20191025,3,29.134
GH-Bosumtwi,Bosumtwi,20191025,4,28.961
GH-Bosumtwi,Bosumtwi,20191025,5,28.921
GH-Bosumtwi,Bosumtwi,20191025,6,28.895
GH-Bosumtwi,Bosumtwi,20191025,7,28.549
GH-Bosumtwi,Bosumtwi,20191025,8,27.992
GH-Bosumtwi,Bosumtwi,20191025,9,27.708
GH-Bosumtwi,Bosumtwi,20191025,10,27.612
GH-Bosumtwi,Bosumtwi,20191025,11,27.55
GH-Bosumtwi,Bosumtwi,20191025,12,27.498
GH-Bosumtwi,Bosumtwi,20191025,13,27.43
GH-Bosumtwi,Bosumtwi,20191025,14,27.423
GH-Bosumtwi,Bosumtwi,20191025,15,27.414
GH-Bosumtwi,Bosumtwi,20191025,16,27.409
GH-Bosumtwi,Bosumtwi,20191025,17,27.404
GH-Bosumtwi,Bosumtwi,20191025,18,27.4
GH-Bosumtwi,Bosumtwi,20191025,19,27.382
GH-Bosumtwi,Bosumtwi,20191025,20,27.377
GH-Bosumtwi,Bosumtwi,20191025,21,27.354
GH-Bosumtwi,Bosumtwi,20191025,22,27.346
GH-Bosumtwi,Bosumtwi,20191025,23,27.34
GH-Bosumtwi,Bosumtwi,20191025,24,27.34
GH-Bosumtwi,Bosumtwi,20191025,25,27.337
GH-Bosumtwi,Bosumtwi,20191025,26,27.33
GH-Bosumtwi,Bosumtwi,20191025,27,27.329
GH-Bosumtwi,Bosumtwi,20191025,28,27.318
GH-Bosumtwi,Bosumtwi,20191025,29,27.313
GH-Bosumtwi,Bosumtwi,20191025,30,27.309
GH-Bosumtwi,Bosumtwi,20191025,31,27.297
GH-Bosumtwi,Bosumtwi,20191025,32,27.29
GH-Bosumtwi,Bosumtwi,20191025,33,27.283
GH-Bosumtwi,Bosumtwi,20191025,34,27.273
GH-Bosumtwi,Bosumtwi,20191025,35,27.252
GH-Bosumtwi,Bosumtwi,20191025,36,27.246
GH-Bosumtwi,Bosumtwi,20191025,37,27.23
GH-Bosumtwi,Bosumtwi,20191025,38,27.221
GH-Bosumtwi,Bosumtwi,20191025,39,27.216
GH-Bosumtwi,Bosumtwi,20191025,40,27.215
GH-Bosumtwi,Bosumtwi,20191025,41,27.21
GH-Bosumtwi,Bosumtwi,20191025,42,27.206
GH-Bosumtwi,Bosumtwi,20191025,43,27.201
GH-Bosumtwi,Bosumtwi,20191025,44,27.198
GH-Bosumtwi,Bosumtwi,20191025,45,27.194
GH-Bosumtwi,Bosumtwi,20191025,46,27.184
GH-Bosumtwi,Bosumtwi,20191025,47,27.177
GH-Bosumtwi,Bosumtwi,20191025,48,27.16
GH-Bosumtwi,Bosumtwi,20191025,49,27.158
GH-Bosumtwi,Bosumtwi,20191025,50,27.157
GH-Bosumtwi,Bosumtwi,20191025,51,27.157
GH-Bosumtwi,Bosumtwi,20191025,52,27.156
GH-Bosumtwi,Bosumtwi,20191025,53,27.155
GH-Bosumtwi,Bosumtwi,20191025,54,27.153
GH-Bosumtwi,Bosumtwi,20191025,55,27.152
GH-Bosumtwi,Bosumtwi,20191025,56,NA
GH-Bosumtwi,Bosumtwi,20191025,57,NA
GH-Bosumtwi,Bosumtwi,20191025,58,27.143
GH-Bosumtwi,Bosumtwi,20191025,59,27.142
GH-Bosumtwi,Bosumtwi,20191025,60,27.139
GH-Bosumtwi,Bosumtwi,20191025,61,27.134
GH-Bosumtwi,Bosumtwi,20191025,62,27.133
GH-Bosumtwi,Bosumtwi,20191025,63,27.13
GH-Bosumtwi,Bosumtwi,20191025,64,27.123
GH-Bosumtwi,Bosumtwi,20191025,65,27.123
GH-Bosumtwi,Bosumtwi,20191025,66,27.122
GH-Bosumtwi,Bosumtwi,20191025,67,27.122
GH-Bosumtwi,Bosumtwi,20191025,68,27.122
GH-Bosumtwi,Bosumtwi,20191025,69,27.122
GH-Bosumtwi,Bosumtwi,20191025,70,27.122
GH-Bosumtwi,Bosumtwi,20191118,0,31.557
GH-Bosumtwi,Bosumtwi,20191118,1,30.874
GH-Bosumtwi,Bosumtwi,20191118,2,30.565
GH-Bosumtwi,Bosumtwi,20191118,3,29.739
GH-Bosumtwi,Bosumtwi,20191118,4,28.865
GH-Bosumtwi,Bosumtwi,20191118,5,28.754
GH-Bosumtwi,Bosumtwi,20191118,6,28.594
GH-Bosumtwi,Bosumtwi,20191118,7,28.526
GH-Bosumtwi,Bosumtwi,20191118,8,28.426
GH-Bosumtwi,Bosumtwi,20191118,9,28.265
GH-Bosumtwi,Bosumtwi,20191118,10,28.018
GH-Bosumtwi,Bosumtwi,20191118,11,27.863
GH-Bosumtwi,Bosumtwi,20191118,12,27.771
GH-Bosumtwi,Bosumtwi,20191118,13,27.634
GH-Bosumtwi,Bosumtwi,20191118,14,27.567
GH-Bosumtwi,Bosumtwi,20191118,15,27.507
GH-Bosumtwi,Bosumtwi,20191118,16,27.385
GH-Bosumtwi,Bosumtwi,20191118,17,27.347
GH-Bosumtwi,Bosumtwi,20191118,18,27.323
GH-Bosumtwi,Bosumtwi,20191118,19,27.313
GH-Bosumtwi,Bosumtwi,20191118,20,27.306
GH-Bosumtwi,Bosumtwi,20191118,21,27.299
GH-Bosumtwi,Bosumtwi,20191118,22,27.297
GH-Bosumtwi,Bosumtwi,20191118,23,27.293
GH-Bosumtwi,Bosumtwi,20191118,24,27.291
GH-Bosumtwi,Bosumtwi,20191118,25,27.285
GH-Bosumtwi,Bosumtwi,20191118,26,27.28
GH-Bosumtwi,Bosumtwi,20191118,27,27.272
GH-Bosumtwi,Bosumtwi,20191118,28,27.267
GH-Bosumtwi,Bosumtwi,20191118,29,27.259
GH-Bosumtwi,Bosumtwi,20191118,30,27.253
GH-Bosumtwi,Bosumtwi,20191118,31,27.248
GH-Bosumtwi,Bosumtwi,20191118,32,27.23
GH-Bosumtwi,Bosumtwi,20191118,33,27.223
GH-Bosumtwi,Bosumtwi,20191118,34,27.218
GH-Bosumtwi,Bosumtwi,20191118,35,27.203
GH-Bosumtwi,Bosumtwi,20191118,36,27.201
GH-Bosumtwi,Bosumtwi,20191118,37,27.196
GH-Bosumtwi,Bosumtwi,20191118,38,27.194
GH-Bosumtwi,Bosumtwi,20191118,39,27.184
GH-Bosumtwi,Bosumtwi,20191118,40,27.181
GH-Bosumtwi,Bosumtwi,20191118,41,27.166
GH-Bosumtwi,Bosumtwi,20191118,42,27.161
GH-Bosumtwi,Bosumtwi,20191118,43,27.158
GH-Bosumtwi,Bosumtwi,20191118,44,27.157
GH-Bosumtwi,Bosumtwi,20191118,45,27.156
GH-Bosumtwi,Bosumtwi,20191118,46,27.149
GH-Bosumtwi,Bosumtwi,20191118,47,27.143
GH-Bosumtwi,Bosumtwi,20191118,48,27.143
GH-Bosumtwi,Bosumtwi,20191118,49,27.141
GH-Bosumtwi,Bosumtwi,20191118,50,27.136
GH-Bosumtwi,Bosumtwi,20191118,51,27.131
GH-Bosumtwi,Bosumtwi,20191118,52,27.12
GH-Bosumtwi,Bosumtwi,20191118,53,27.119
GH-Bosumtwi,Bosumtwi,20191118,54,27.118
GH-Bosumtwi,Bosumtwi,20191118,55,27.112
GH-Bosumtwi,Bosumtwi,20191118,56,27.105
GH-Bosumtwi,Bosumtwi,20191118,57,27.103
GH-Bosumtwi,Bosumtwi,20191118,58,27.102
GH-Bosumtwi,Bosumtwi,20191118,59,27.097
GH-Bosumtwi,Bosumtwi,20191118,60,27.093
GH-Bosumtwi,Bosumtwi,20191118,61,27.091
GH-Bosumtwi,Bosumtwi,20191118,62,27.089
GH-Bosumtwi,Bosumtwi,20191118,63,27.088
GH-Bosumtwi,Bosumtwi,20191118,64,27.086
GH-Bosumtwi,Bosumtwi,20191118,65,27.084
GH-Bosumtwi,Bosumtwi,20191118,66,27.084
GH-Bosumtwi,Bosumtwi,20191118,67,27.084
GH-Bosumtwi,Bosumtwi,20191118,68,27.085
GH-Bosumtwi,Bosumtwi,20191118,69,27.085
GH-Bosumtwi,Bosumtwi,20191118,70,27.085
GH-Bosumtwi,Bosumtwi,20191118,0,30.885
GH-Bosumtwi,Bosumtwi,20191118,1,30.571
GH-Bosumtwi,Bosumtwi,20191118,2,30.393
GH-Bosumtwi,Bosumtwi,20191118,3,30.316
GH-Bosumtwi,Bosumtwi,20191118,4,29.897
GH-Bosumtwi,Bosumtwi,20191118,5,29.564
GH-Bosumtwi,Bosumtwi,20191118,6,29.081
GH-Bosumtwi,Bosumtwi,20191118,7,28.6
GH-Bosumtwi,Bosumtwi,20191118,8,28.33
GH-Bosumtwi,Bosumtwi,20191118,9,28.076
GH-Bosumtwi,Bosumtwi,20191118,10,28.04
GH-Bosumtwi,Bosumtwi,20191118,11,27.978
GH-Bosumtwi,Bosumtwi,20191118,12,27.893
GH-Bosumtwi,Bosumtwi,20191118,13,27.68
GH-Bosumtwi,Bosumtwi,20191118,14,27.594
GH-Bosumtwi,Bosumtwi,20191118,15,27.523
GH-Bosumtwi,Bosumtwi,20191118,16,27.482
GH-Bosumtwi,Bosumtwi,20191118,17,27.376
GH-Bosumtwi,Bosumtwi,20191118,18,27.358
GH-Bosumtwi,Bosumtwi,20191118,19,27.344
GH-Bosumtwi,Bosumtwi,20191118,20,27.327
GH-Bosumtwi,Bosumtwi,20191118,21,27.316
GH-Bosumtwi,Bosumtwi,20191118,22,27.298
GH-Bosumtwi,Bosumtwi,20191118,23,27.297
GH-Bosumtwi,Bosumtwi,20191118,24,27.285
GH-Bosumtwi,Bosumtwi,20191118,25,27.277
GH-Bosumtwi,Bosumtwi,20191118,26,27.264
GH-Bosumtwi,Bosumtwi,20191118,27,27.259
GH-Bosumtwi,Bosumtwi,20191118,28,27.255
GH-Bosumtwi,Bosumtwi,20191118,29,27.253
GH-Bosumtwi,Bosumtwi,20191118,30,27.245
GH-Bosumtwi,Bosumtwi,20191118,31,27.234
GH-Bosumtwi,Bosumtwi,20191118,32,27.225
GH-Bosumtwi,Bosumtwi,20191118,33,27.224
GH-Bosumtwi,Bosumtwi,20191118,34,27.219
GH-Bosumtwi,Bosumtwi,20191118,35,27.207
GH-Bosumtwi,Bosumtwi,20191118,36,27.204
GH-Bosumtwi,Bosumtwi,20191118,37,27.201
GH-Bosumtwi,Bosumtwi,20191118,38,27.198
GH-Bosumtwi,Bosumtwi,20191118,39,27.195
GH-Bosumtwi,Bosumtwi,20191118,40,27.178
GH-Bosumtwi,Bosumtwi,20191118,41,27.174
GH-Bosumtwi,Bosumtwi,20191118,42,27.164
GH-Bosumtwi,Bosumtwi,20191118,43,27.155
GH-Bosumtwi,Bosumtwi,20191118,44,27.141
GH-Bosumtwi,Bosumtwi,20191118,45,27.14
GH-Bosumtwi,Bosumtwi,20191118,46,27.138
GH-Bosumtwi,Bosumtwi,20191118,47,27.138
GH-Bosumtwi,Bosumtwi,20191118,48,27.136
GH-Bosumtwi,Bosumtwi,20191118,49,27.128
GH-Bosumtwi,Bosumtwi,20191118,50,27.126
GH-Bosumtwi,Bosumtwi,20191118,51,27.121
GH-Bosumtwi,Bosumtwi,20191118,52,27.121
GH-Bosumtwi,Bosumtwi,20191118,53,27.118
GH-Bosumtwi,Bosumtwi,20191118,54,27.116
GH-Bosumtwi,Bosumtwi,20191118,55,27.113
GH-Bosumtwi,Bosumtwi,20191118,56,27.108
GH-Bosumtwi,Bosumtwi,20191118,57,27.107
GH-Bosumtwi,Bosumtwi,20191118,58,27.105
GH-Bosumtwi,Bosumtwi,20191118,59,27.094
GH-Bosumtwi,Bosumtwi,20191118,60,27.092
GH-Bosumtwi,Bosumtwi,20191118,61,27.087
GH-Bosumtwi,Bosumtwi,20191118,62,27.077
GH-Bosumtwi,Bosumtwi,20191118,63,27.075
GH-Bosumtwi,Bosumtwi,20191118,64,27.069
GH-Bosumtwi,Bosumtwi,20191118,65,27.068
GH-Bosumtwi,Bosumtwi,20191118,66,27.066
GH-Bosumtwi,Bosumtwi,20191118,67,27.064
GH-Bosumtwi,Bosumtwi,20191118,68,27.064
GH-Bosumtwi,Bosumtwi,20191118,69,27.065
GH-Bosumtwi,Bosumtwi,20191118,70,27.065
GH-Bosumtwi,Bosumtwi,20200124,0,29.785
GH-Bosumtwi,Bosumtwi,20200124,1,29.443
GH-Bosumtwi,Bosumtwi,20200124,2,28.686
GH-Bosumtwi,Bosumtwi,20200124,3,28.417
GH-Bosumtwi,Bosumtwi,20200124,4,28.291
GH-Bosumtwi,Bosumtwi,20200124,5,28.229
GH-Bosumtwi,Bosumtwi,20200124,6,28.213
GH-Bosumtwi,Bosumtwi,20200124,7,28.176
GH-Bosumtwi,Bosumtwi,20200124,8,28.164
GH-Bosumtwi,Bosumtwi,20200124,9,28.12
GH-Bosumtwi,Bosumtwi,20200124,10,28.057
GH-Bosumtwi,Bosumtwi,20200124,11,27.918
GH-Bosumtwi,Bosumtwi,20200124,12,27.838
GH-Bosumtwi,Bosumtwi,20200124,13,27.747
GH-Bosumtwi,Bosumtwi,20200124,14,27.654
GH-Bosumtwi,Bosumtwi,20200124,15,27.58
GH-Bosumtwi,Bosumtwi,20200124,16,27.443
GH-Bosumtwi,Bosumtwi,20200124,17,27.423
GH-Bosumtwi,Bosumtwi,20200124,18,27.372
GH-Bosumtwi,Bosumtwi,20200124,19,27.339
GH-Bosumtwi,Bosumtwi,20200124,20,27.327
GH-Bosumtwi,Bosumtwi,20200124,21,27.304
GH-Bosumtwi,Bosumtwi,20200124,22,27.287
GH-Bosumtwi,Bosumtwi,20200124,23,27.278
GH-Bosumtwi,Bosumtwi,20200124,24,27.268
GH-Bosumtwi,Bosumtwi,20200124,25,27.26
GH-Bosumtwi,Bosumtwi,20200124,26,27.223
GH-Bosumtwi,Bosumtwi,20200124,27,27.207
GH-Bosumtwi,Bosumtwi,20200124,28,27.2
GH-Bosumtwi,Bosumtwi,20200124,29,27.192
GH-Bosumtwi,Bosumtwi,20200124,30,27.192
GH-Bosumtwi,Bosumtwi,20200124,31,27.169
GH-Bosumtwi,Bosumtwi,20200124,32,27.164
GH-Bosumtwi,Bosumtwi,20200124,33,27.149
GH-Bosumtwi,Bosumtwi,20200124,34,27.149
GH-Bosumtwi,Bosumtwi,20200124,35,27.144
GH-Bosumtwi,Bosumtwi,20200124,36,36.682
GH-Bosumtwi,Bosumtwi,20200124,37,27.13
GH-Bosumtwi,Bosumtwi,20200124,38,27.122
GH-Bosumtwi,Bosumtwi,20200124,39,27.111
GH-Bosumtwi,Bosumtwi,20200124,40,27.104
GH-Bosumtwi,Bosumtwi,20200124,41,27.099
GH-Bosumtwi,Bosumtwi,20200124,42,27.096
GH-Bosumtwi,Bosumtwi,20200124,43,27.092
GH-Bosumtwi,Bosumtwi,20200124,44,27.089
GH-Bosumtwi,Bosumtwi,20200124,45,27.088
GH-Bosumtwi,Bosumtwi,20200124,46,27.087
GH-Bosumtwi,Bosumtwi,20200124,47,27.083
GH-Bosumtwi,Bosumtwi,20200124,48,27.08
GH-Bosumtwi,Bosumtwi,20200124,49,27.079
GH-Bosumtwi,Bosumtwi,20200124,50,27.076
GH-Bosumtwi,Bosumtwi,20200124,51,27.068
GH-Bosumtwi,Bosumtwi,20200124,52,27.064
GH-Bosumtwi,Bosumtwi,20200124,53,27.06
GH-Bosumtwi,Bosumtwi,20200124,54,27.055
GH-Bosumtwi,Bosumtwi,20200124,55,27.054
GH-Bosumtwi,Bosumtwi,20200124,56,27.047
GH-Bosumtwi,Bosumtwi,20200124,57,27.045
GH-Bosumtwi,Bosumtwi,20200124,58,27.039
GH-Bosumtwi,Bosumtwi,20200124,59,27.036
GH-Bosumtwi,Bosumtwi,20200124,60,27.035
GH-Bosumtwi,Bosumtwi,20200124,61,27.035
GH-Bosumtwi,Bosumtwi,20200124,62,27.033
GH-Bosumtwi,Bosumtwi,20200124,63,27.03
GH-Bosumtwi,Bosumtwi,20200124,64,27.03
GH-Bosumtwi,Bosumtwi,20200124,65,27.028
GH-Bosumtwi,Bosumtwi,20200124,66,27.028
GH-Bosumtwi,Bosumtwi,20200124,67,27.027
GH-Bosumtwi,Bosumtwi,20200124,68,68.828
GH-Bosumtwi,Bosumtwi,20200124,69,69.025
GH-Bosumtwi,Bosumtwi,20200124,70,69.255
GH-Bosumtwi,Bosumtwi,20200215,0,29.037
GH-Bosumtwi,Bosumtwi,20200215,1,28.859
GH-Bosumtwi,Bosumtwi,20200215,2,28.769
GH-Bosumtwi,Bosumtwi,20200215,3,28.743
GH-Bosumtwi,Bosumtwi,20200215,4,28.682
GH-Bosumtwi,Bosumtwi,20200215,5,28.604
GH-Bosumtwi,Bosumtwi,20200215,6,28.477
GH-Bosumtwi,Bosumtwi,20200215,7,28.212
GH-Bosumtwi,Bosumtwi,20200215,8,28.156
GH-Bosumtwi,Bosumtwi,20200215,9,28.086
GH-Bosumtwi,Bosumtwi,20200215,10,27.977
GH-Bosumtwi,Bosumtwi,20200215,11,27.915
GH-Bosumtwi,Bosumtwi,20200215,12,27.88
GH-Bosumtwi,Bosumtwi,20200215,13,27.678
GH-Bosumtwi,Bosumtwi,20200215,14,27.616
GH-Bosumtwi,Bosumtwi,20200215,15,27.496
GH-Bosumtwi,Bosumtwi,20200215,16,27.397
GH-Bosumtwi,Bosumtwi,20200215,17,27.365
GH-Bosumtwi,Bosumtwi,20200215,18,27.349
GH-Bosumtwi,Bosumtwi,20200215,19,27.324
GH-Bosumtwi,Bosumtwi,20200215,20,27.314
GH-Bosumtwi,Bosumtwi,20200215,21,27.275
GH-Bosumtwi,Bosumtwi,20200215,22,27.267
GH-Bosumtwi,Bosumtwi,20200215,23,27.263
GH-Bosumtwi,Bosumtwi,20200215,24,27.249
GH-Bosumtwi,Bosumtwi,20200215,25,27.242
GH-Bosumtwi,Bosumtwi,20200215,26,27.237
GH-Bosumtwi,Bosumtwi,20200215,27,27.227
GH-Bosumtwi,Bosumtwi,20200215,28,27.214
GH-Bosumtwi,Bosumtwi,20200215,29,27.207
GH-Bosumtwi,Bosumtwi,20200215,30,27.197
GH-Bosumtwi,Bosumtwi,20200215,31,27.191
GH-Bosumtwi,Bosumtwi,20200215,32,27.188
GH-Bosumtwi,Bosumtwi,20200215,33,27.179
GH-Bosumtwi,Bosumtwi,20200215,34,27.171
GH-Bosumtwi,Bosumtwi,20200215,35,27.159
GH-Bosumtwi,Bosumtwi,20200215,36,27.153
GH-Bosumtwi,Bosumtwi,20200215,37,27.148
GH-Bosumtwi,Bosumtwi,20200215,38,27.124
GH-Bosumtwi,Bosumtwi,20200215,39,27.122
GH-Bosumtwi,Bosumtwi,20200215,40,27.11
GH-Bosumtwi,Bosumtwi,20200215,41,27.107
GH-Bosumtwi,Bosumtwi,20200215,42,27.105
GH-Bosumtwi,Bosumtwi,20200215,43,27.102
GH-Bosumtwi,Bosumtwi,20200215,44,27.098
GH-Bosumtwi,Bosumtwi,20200215,45,27.098
GH-Bosumtwi,Bosumtwi,20200215,46,27.089
GH-Bosumtwi,Bosumtwi,20200215,47,27.086
GH-Bosumtwi,Bosumtwi,20200215,48,27.08
GH-Bosumtwi,Bosumtwi,20200215,49,27.074
GH-Bosumtwi,Bosumtwi,20200215,50,27.066
GH-Bosumtwi,Bosumtwi,20200215,51,27.059
GH-Bosumtwi,Bosumtwi,20200215,52,27.057
GH-Bosumtwi,Bosumtwi,20200215,53,27.051
GH-Bosumtwi,Bosumtwi,20200215,54,27.051
GH-Bosumtwi,Bosumtwi,20200215,55,27.049
GH-Bosumtwi,Bosumtwi,20200215,56,27.046
GH-Bosumtwi,Bosumtwi,20200215,57,27.046
GH-Bosumtwi,Bosumtwi,20200215,58,27.046
GH-Bosumtwi,Bosumtwi,20200215,59,27.046
GH-Bosumtwi,Bosumtwi,20200215,60,27.046
GH-Bosumtwi,Bosumtwi,20200215,61,27.045
GH-Bosumtwi,Bosumtwi,20200215,62,27.043
GH-Bosumtwi,Bosumtwi,20200215,63,27.043
GH-Bosumtwi,Bosumtwi,20200215,64,27.043
GH-Bosumtwi,Bosumtwi,20200215,65,27.042
GH-Bosumtwi,Bosumtwi,20200215,66,27.04
GH-Bosumtwi,Bosumtwi,20200215,67,27.04
GH-Bosumtwi,Bosumtwi,20200215,68,27.033
GH-Bosumtwi,Bosumtwi,20200215,69,27.03
GH-Bosumtwi,Bosumtwi,20200215,70,27.028
GH-Bosumtwi,Bosumtwi,20200314,0,30.483
GH-Bosumtwi,Bosumtwi,20200314,1,30.479
GH-Bosumtwi,Bosumtwi,20200314,2,30.477
GH-Bosumtwi,Bosumtwi,20200314,3,30.455
GH-Bosumtwi,Bosumtwi,20200314,4,30.437
GH-Bosumtwi,Bosumtwi,20200314,5,29.644
GH-Bosumtwi,Bosumtwi,20200314,6,29.564
GH-Bosumtwi,Bosumtwi,20200314,7,29.271
GH-Bosumtwi,Bosumtwi,20200314,8,28.832
GH-Bosumtwi,Bosumtwi,20200314,9,28.504
GH-Bosumtwi,Bosumtwi,20200314,10,28.202
GH-Bosumtwi,Bosumtwi,20200314,11,28.129
GH-Bosumtwi,Bosumtwi,20200314,12,28.087
GH-Bosumtwi,Bosumtwi,20200314,13,27.916
GH-Bosumtwi,Bosumtwi,20200314,14,27.694
GH-Bosumtwi,Bosumtwi,20200314,15,27.656
GH-Bosumtwi,Bosumtwi,20200314,16,27.498
GH-Bosumtwi,Bosumtwi,20200314,17,27.431
GH-Bosumtwi,Bosumtwi,20200314,18,27.424
GH-Bosumtwi,Bosumtwi,20200314,19,27.363
GH-Bosumtwi,Bosumtwi,20200314,20,27.325
GH-Bosumtwi,Bosumtwi,20200314,21,27.307
GH-Bosumtwi,Bosumtwi,20200314,22,27.257
GH-Bosumtwi,Bosumtwi,20200314,23,27.238
GH-Bosumtwi,Bosumtwi,20200314,24,27.232
GH-Bosumtwi,Bosumtwi,20200314,25,27.204
GH-Bosumtwi,Bosumtwi,20200314,26,27.198
GH-Bosumtwi,Bosumtwi,20200314,27,27.192
GH-Bosumtwi,Bosumtwi,20200314,28,27.181
GH-Bosumtwi,Bosumtwi,20200314,29,27.181
GH-Bosumtwi,Bosumtwi,20200314,30,27.179
GH-Bosumtwi,Bosumtwi,20200314,31,27.172
GH-Bosumtwi,Bosumtwi,20200314,32,27.172
GH-Bosumtwi,Bosumtwi,20200314,33,27.169
GH-Bosumtwi,Bosumtwi,20200314,34,27.155
GH-Bosumtwi,Bosumtwi,20200314,35,27.136
GH-Bosumtwi,Bosumtwi,20200314,36,27.115
GH-Bosumtwi,Bosumtwi,20200314,37,27.111
GH-Bosumtwi,Bosumtwi,20200314,38,27.108
GH-Bosumtwi,Bosumtwi,20200314,39,27.093
GH-Bosumtwi,Bosumtwi,20200314,40,27.086
GH-Bosumtwi,Bosumtwi,20200314,41,27.081
GH-Bosumtwi,Bosumtwi,20200314,42,27.067
GH-Bosumtwi,Bosumtwi,20200314,43,27.062
GH-Bosumtwi,Bosumtwi,20200314,44,27.058
GH-Bosumtwi,Bosumtwi,20200314,45,27.055
GH-Bosumtwi,Bosumtwi,20200314,46,27.051
GH-Bosumtwi,Bosumtwi,20200314,47,27.048
GH-Bosumtwi,Bosumtwi,20200314,48,27.046
GH-Bosumtwi,Bosumtwi,20200314,49,27.041
GH-Bosumtwi,Bosumtwi,20200314,50,27.038
GH-Bosumtwi,Bosumtwi,20200314,51,27.029
GH-Bosumtwi,Bosumtwi,20200314,52,27.025
GH-Bosumtwi,Bosumtwi,20200314,53,27.025
GH-Bosumtwi,Bosumtwi,20200314,54,27.023
GH-Bosumtwi,Bosumtwi,20200314,55,27.022
GH-Bosumtwi,Bosumtwi,20200314,56,27.022
GH-Bosumtwi,Bosumtwi,20200314,57,27.022
GH-Bosumtwi,Bosumtwi,20200314,58,27.022
GH-Bosumtwi,Bosumtwi,20200314,59,27.021
GH-Bosumtwi,Bosumtwi,20200314,60,27.019
GH-Bosumtwi,Bosumtwi,20200314,61,27.018
GH-Bosumtwi,Bosumtwi,20200314,62,27.018
GH-Bosumtwi,Bosumtwi,20200314,63,27.018
GH-Bosumtwi,Bosumtwi,20200314,64,27.018
GH-Bosumtwi,Bosumtwi,20200314,65,27.018
GH-Bosumtwi,Bosumtwi,20200314,66,27.017
GH-Bosumtwi,Bosumtwi,20200314,67,27.016
GH-Bosumtwi,Bosumtwi,20200314,68,27.016
GH-Bosumtwi,Bosumtwi,20200314,69,27.016
GH-Bosumtwi,Bosumtwi,20200314,70,27.016
GH-Bosumtwi,Bosumtwi,20200418,0,0.202
GH-Bosumtwi,Bosumtwi,20200418,1,30.699
GH-Bosumtwi,Bosumtwi,20200418,2,30.714
GH-Bosumtwi,Bosumtwi,20200418,3,30.709
GH-Bosumtwi,Bosumtwi,20200418,4,30.51
GH-Bosumtwi,Bosumtwi,20200418,5,30.438
GH-Bosumtwi,Bosumtwi,20200418,6,29.993
GH-Bosumtwi,Bosumtwi,20200418,7,29.247
GH-Bosumtwi,Bosumtwi,20200418,8,28.957
GH-Bosumtwi,Bosumtwi,20200418,9,28.92
GH-Bosumtwi,Bosumtwi,20200418,10,28.797
GH-Bosumtwi,Bosumtwi,20200418,11,28.636
GH-Bosumtwi,Bosumtwi,20200418,12,28.421
GH-Bosumtwi,Bosumtwi,20200418,13,28.144
GH-Bosumtwi,Bosumtwi,20200418,14,28.074
GH-Bosumtwi,Bosumtwi,20200418,15,27.955
GH-Bosumtwi,Bosumtwi,20200418,16,27.758
GH-Bosumtwi,Bosumtwi,20200418,17,27.581
GH-Bosumtwi,Bosumtwi,20200418,18,27.556
GH-Bosumtwi,Bosumtwi,20200418,19,27.465
GH-Bosumtwi,Bosumtwi,20200418,20,27.448
GH-Bosumtwi,Bosumtwi,20200418,21,27.417
GH-Bosumtwi,Bosumtwi,20200418,22,27.358
GH-Bosumtwi,Bosumtwi,20200418,23,27.334
GH-Bosumtwi,Bosumtwi,20200418,24,27.311
GH-Bosumtwi,Bosumtwi,20200418,25,27.295
GH-Bosumtwi,Bosumtwi,20200418,26,27.251
GH-Bosumtwi,Bosumtwi,20200418,27,27.245
GH-Bosumtwi,Bosumtwi,20200418,28,27.234
GH-Bosumtwi,Bosumtwi,20200418,29,27.202
GH-Bosumtwi,Bosumtwi,20200418,30,27.182
GH-Bosumtwi,Bosumtwi,20200418,31,27.181
GH-Bosumtwi,Bosumtwi,20200418,32,27.169
GH-Bosumtwi,Bosumtwi,20200418,33,27.161
GH-Bosumtwi,Bosumtwi,20200418,34,27.158
GH-Bosumtwi,Bosumtwi,20200418,35,27.15
GH-Bosumtwi,Bosumtwi,20200418,36,27.144
GH-Bosumtwi,Bosumtwi,20200418,37,27.14
GH-Bosumtwi,Bosumtwi,20200418,38,27.116
GH-Bosumtwi,Bosumtwi,20200418,39,27.113
GH-Bosumtwi,Bosumtwi,20200418,40,27.112
GH-Bosumtwi,Bosumtwi,20200418,41,27.112
GH-Bosumtwi,Bosumtwi,20200418,42,27.111
GH-Bosumtwi,Bosumtwi,20200418,43,27.099
GH-Bosumtwi,Bosumtwi,20200418,44,27.082
GH-Bosumtwi,Bosumtwi,20200418,45,27.074
GH-Bosumtwi,Bosumtwi,20200418,46,27.068
GH-Bosumtwi,Bosumtwi,20200418,47,27.066
GH-Bosumtwi,Bosumtwi,20200418,48,27.066
GH-Bosumtwi,Bosumtwi,20200418,49,27.063
GH-Bosumtwi,Bosumtwi,20200418,50,27.06
GH-Bosumtwi,Bosumtwi,20200418,51,27.056
GH-Bosumtwi,Bosumtwi,20200418,52,27.053
GH-Bosumtwi,Bosumtwi,20200418,53,27.051
GH-Bosumtwi,Bosumtwi,20200418,54,27.047
GH-Bosumtwi,Bosumtwi,20200418,55,27.046
GH-Bosumtwi,Bosumtwi,20200418,56,27.043
GH-Bosumtwi,Bosumtwi,20200418,57,27.043
GH-Bosumtwi,Bosumtwi,20200418,58,27.043
GH-Bosumtwi,Bosumtwi,20200418,59,27.043
GH-Bosumtwi,Bosumtwi,20200418,60,27.043
GH-Bosumtwi,Bosumtwi,20200418,61,27.043
GH-Bosumtwi,Bosumtwi,20200418,62,27.043
GH-Bosumtwi,Bosumtwi,20200418,63,27.043
GH-Bosumtwi,Bosumtwi,20200418,64,27.043
GH-Bosumtwi,Bosumtwi,20200418,65,27.043
GH-Bosumtwi,Bosumtwi,20200418,66,27.043
GH-Bosumtwi,Bosumtwi,20200418,67,27.044
GH-Bosumtwi,Bosumtwi,20200418,68,27.044
GH-Bosumtwi,Bosumtwi,20200418,69,27.044
GH-Bosumtwi,Bosumtwi,20200418,70,27.044
GH-Bosumtwi,Bosumtwi,20200516,0,31.166
GH-Bosumtwi,Bosumtwi,20200516,1,31.089
GH-Bosumtwi,Bosumtwi,20200516,2,31.03
GH-Bosumtwi,Bosumtwi,20200516,3,30.942
GH-Bosumtwi,Bosumtwi,20200516,4,30.841
GH-Bosumtwi,Bosumtwi,20200516,5,30.769
GH-Bosumtwi,Bosumtwi,20200516,6,30.704
GH-Bosumtwi,Bosumtwi,20200516,7,30.624
GH-Bosumtwi,Bosumtwi,20200516,8,29.603
GH-Bosumtwi,Bosumtwi,20200516,9,29.296
GH-Bosumtwi,Bosumtwi,20200516,10,29.139
GH-Bosumtwi,Bosumtwi,20200516,11,28.714
GH-Bosumtwi,Bosumtwi,20200516,12,28.561
GH-Bosumtwi,Bosumtwi,20200516,13,28.338
GH-Bosumtwi,Bosumtwi,20200516,14,14.008
GH-Bosumtwi,Bosumtwi,20200516,15,28.059
GH-Bosumtwi,Bosumtwi,20200516,16,28.026
GH-Bosumtwi,Bosumtwi,20200516,17,27.825
GH-Bosumtwi,Bosumtwi,20200516,18,27.741
GH-Bosumtwi,Bosumtwi,20200516,19,27.621
GH-Bosumtwi,Bosumtwi,20200516,20,27.519
GH-Bosumtwi,Bosumtwi,20200516,21,27.48
GH-Bosumtwi,Bosumtwi,20200516,22,27.43
GH-Bosumtwi,Bosumtwi,20200516,23,27.409
GH-Bosumtwi,Bosumtwi,20200516,24,27.37
GH-Bosumtwi,Bosumtwi,20200516,25,27.339
GH-Bosumtwi,Bosumtwi,20200516,26,27.289
GH-Bosumtwi,Bosumtwi,20200516,27,27.278
GH-Bosumtwi,Bosumtwi,20200516,28,27.24
GH-Bosumtwi,Bosumtwi,20200516,29,27.226
GH-Bosumtwi,Bosumtwi,20200516,30,27.221
GH-Bosumtwi,Bosumtwi,20200516,31,27.214
GH-Bosumtwi,Bosumtwi,20200516,32,27.197
GH-Bosumtwi,Bosumtwi,20200516,33,27.192
GH-Bosumtwi,Bosumtwi,20200516,34,27.178
GH-Bosumtwi,Bosumtwi,20200516,35,27.175
GH-Bosumtwi,Bosumtwi,20200516,36,27.173
GH-Bosumtwi,Bosumtwi,20200516,37,27.17
GH-Bosumtwi,Bosumtwi,20200516,38,27.164
GH-Bosumtwi,Bosumtwi,20200516,39,27.149
GH-Bosumtwi,Bosumtwi,20200516,40,27.142
GH-Bosumtwi,Bosumtwi,20200516,41,27.141
GH-Bosumtwi,Bosumtwi,20200516,42,27.132
GH-Bosumtwi,Bosumtwi,20200516,43,27.123
GH-Bosumtwi,Bosumtwi,20200516,44,27.114
GH-Bosumtwi,Bosumtwi,20200516,45,27.112
GH-Bosumtwi,Bosumtwi,20200516,46,27.109
GH-Bosumtwi,Bosumtwi,20200516,47,27.107
GH-Bosumtwi,Bosumtwi,20200516,48,27.107
GH-Bosumtwi,Bosumtwi,20200516,49,27.104
GH-Bosumtwi,Bosumtwi,20200516,50,27.103
GH-Bosumtwi,Bosumtwi,20200516,51,27.099
GH-Bosumtwi,Bosumtwi,20200516,52,27.098
GH-Bosumtwi,Bosumtwi,20200516,53,27.091
GH-Bosumtwi,Bosumtwi,20200516,54,27.087
GH-Bosumtwi,Bosumtwi,20200516,55,27.081
GH-Bosumtwi,Bosumtwi,20200516,56,27.08
GH-Bosumtwi,Bosumtwi,20200516,57,27.078
GH-Bosumtwi,Bosumtwi,20200516,58,27.076
GH-Bosumtwi,Bosumtwi,20200516,59,27.075
GH-Bosumtwi,Bosumtwi,20200516,60,27.073
GH-Bosumtwi,Bosumtwi,20200516,61,27.072
GH-Bosumtwi,Bosumtwi,20200516,62,27.069
GH-Bosumtwi,Bosumtwi,20200516,63,27.068
GH-Bosumtwi,Bosumtwi,20200516,64,27.066
GH-Bosumtwi,Bosumtwi,20200516,65,27.066
GH-Bosumtwi,Bosumtwi,20200516,66,27.066
GH-Bosumtwi,Bosumtwi,20200516,67,27.065
GH-Bosumtwi,Bosumtwi,20200516,68,27.065
GH-Bosumtwi,Bosumtwi,20200516,69,27.065
GH-Bosumtwi,Bosumtwi,20200516,70,27.065
GH-Bosumtwi,Bosumtwi,20200620,0,27.065
GH-Bosumtwi,Bosumtwi,20200620,1,29.949
GH-Bosumtwi,Bosumtwi,20200620,2,29.919
GH-Bosumtwi,Bosumtwi,20200620,3,29.838
GH-Bosumtwi,Bosumtwi,20200620,4,29.679
GH-Bosumtwi,Bosumtwi,20200620,5,29.628
GH-Bosumtwi,Bosumtwi,20200620,6,29.587
GH-Bosumtwi,Bosumtwi,20200620,7,29.558
GH-Bosumtwi,Bosumtwi,20200620,8,29.465
GH-Bosumtwi,Bosumtwi,20200620,9,29.419
GH-Bosumtwi,Bosumtwi,20200620,10,29.402
GH-Bosumtwi,Bosumtwi,20200620,11,29.326
GH-Bosumtwi,Bosumtwi,20200620,12,29.186
GH-Bosumtwi,Bosumtwi,20200620,13,28.999
GH-Bosumtwi,Bosumtwi,20200620,14,28.888
GH-Bosumtwi,Bosumtwi,20200620,15,28.792
GH-Bosumtwi,Bosumtwi,20200620,16,28.375
GH-Bosumtwi,Bosumtwi,20200620,17,28.111
GH-Bosumtwi,Bosumtwi,20200620,18,27.961
GH-Bosumtwi,Bosumtwi,20200620,19,27.635
GH-Bosumtwi,Bosumtwi,20200620,20,27.577
GH-Bosumtwi,Bosumtwi,20200620,21,27.55
GH-Bosumtwi,Bosumtwi,20200620,22,27.482
GH-Bosumtwi,Bosumtwi,20200620,23,27.448
GH-Bosumtwi,Bosumtwi,20200620,24,27.431
GH-Bosumtwi,Bosumtwi,20200620,25,27.392
GH-Bosumtwi,Bosumtwi,20200620,26,27.34
GH-Bosumtwi,Bosumtwi,20200620,27,27.329
GH-Bosumtwi,Bosumtwi,20200620,28,27.309
GH-Bosumtwi,Bosumtwi,20200620,29,27.28
GH-Bosumtwi,Bosumtwi,20200620,30,27.253
GH-Bosumtwi,Bosumtwi,20200620,31,27.232
GH-Bosumtwi,Bosumtwi,20200620,32,27.217
GH-Bosumtwi,Bosumtwi,20200620,33,27.205
GH-Bosumtwi,Bosumtwi,20200620,34,27.205
GH-Bosumtwi,Bosumtwi,20200620,35,27.199
GH-Bosumtwi,Bosumtwi,20200620,36,27.194
GH-Bosumtwi,Bosumtwi,20200620,37,27.178
GH-Bosumtwi,Bosumtwi,20200620,38,27.167
GH-Bosumtwi,Bosumtwi,20200620,39,27.163
GH-Bosumtwi,Bosumtwi,20200620,40,27.162
GH-Bosumtwi,Bosumtwi,20200620,41,27.161
GH-Bosumtwi,Bosumtwi,20200620,42,27.158
GH-Bosumtwi,Bosumtwi,20200620,43,27.156
GH-Bosumtwi,Bosumtwi,20200620,44,27.154
GH-Bosumtwi,Bosumtwi,20200620,45,27.15
GH-Bosumtwi,Bosumtwi,20200620,46,27.146
GH-Bosumtwi,Bosumtwi,20200620,47,27.143
GH-Bosumtwi,Bosumtwi,20200620,48,27.14
GH-Bosumtwi,Bosumtwi,20200620,49,27.138
GH-Bosumtwi,Bosumtwi,20200620,50,27.135
GH-Bosumtwi,Bosumtwi,20200620,51,27.128
GH-Bosumtwi,Bosumtwi,20200620,52,27.128
GH-Bosumtwi,Bosumtwi,20200620,53,27.127
GH-Bosumtwi,Bosumtwi,20200620,54,27.126
GH-Bosumtwi,Bosumtwi,20200620,55,27.124
GH-Bosumtwi,Bosumtwi,20200620,56,27.124
GH-Bosumtwi,Bosumtwi,20200620,57,27.115
GH-Bosumtwi,Bosumtwi,20200620,58,27.108
GH-Bosumtwi,Bosumtwi,20200620,59,27.106
GH-Bosumtwi,Bosumtwi,20200620,60,27.097
GH-Bosumtwi,Bosumtwi,20200620,61,27.097
GH-Bosumtwi,Bosumtwi,20200620,62,27.095
GH-Bosumtwi,Bosumtwi,20200620,63,27.094
GH-Bosumtwi,Bosumtwi,20200620,64,27.094
GH-Bosumtwi,Bosumtwi,20200620,65,27.094
GH-Bosumtwi,Bosumtwi,20200620,66,27.093
GH-Bosumtwi,Bosumtwi,20200620,67,27.091
GH-Bosumtwi,Bosumtwi,20200620,68,27.089
GH-Bosumtwi,Bosumtwi,20200718,0,0.242
GH-Bosumtwi,Bosumtwi,20200718,1,27.965
GH-Bosumtwi,Bosumtwi,20200718,2,27.958
GH-Bosumtwi,Bosumtwi,20200718,3,27.956
GH-Bosumtwi,Bosumtwi,20200718,4,27.953
GH-Bosumtwi,Bosumtwi,20200718,5,27.95
GH-Bosumtwi,Bosumtwi,20200718,6,27.948
GH-Bosumtwi,Bosumtwi,20200718,7,27.943
GH-Bosumtwi,Bosumtwi,20200718,8,27.943
GH-Bosumtwi,Bosumtwi,20200718,9,27.944
GH-Bosumtwi,Bosumtwi,20200718,10,27.944
GH-Bosumtwi,Bosumtwi,20200718,11,27.944
GH-Bosumtwi,Bosumtwi,20200718,12,27.943
GH-Bosumtwi,Bosumtwi,20200718,13,27.941
GH-Bosumtwi,Bosumtwi,20200718,14,27.939
GH-Bosumtwi,Bosumtwi,20200718,15,27.935
GH-Bosumtwi,Bosumtwi,20200718,16,27.934
GH-Bosumtwi,Bosumtwi,20200718,17,27.928
GH-Bosumtwi,Bosumtwi,20200718,18,27.922
GH-Bosumtwi,Bosumtwi,20200718,19,27.92
GH-Bosumtwi,Bosumtwi,20200718,20,27.916
GH-Bosumtwi,Bosumtwi,20200718,21,27.886
GH-Bosumtwi,Bosumtwi,20200718,22,22.092
GH-Bosumtwi,Bosumtwi,20200718,23,23.201
GH-Bosumtwi,Bosumtwi,20200718,24,27.707
GH-Bosumtwi,Bosumtwi,20200718,25,27.563
GH-Bosumtwi,Bosumtwi,20200718,26,27.472
GH-Bosumtwi,Bosumtwi,20200718,27,27.338
GH-Bosumtwi,Bosumtwi,20200718,28,27.325
GH-Bosumtwi,Bosumtwi,20200718,29,27.295
GH-Bosumtwi,Bosumtwi,20200718,30,27.268
GH-Bosumtwi,Bosumtwi,20200718,31,27.264
GH-Bosumtwi,Bosumtwi,20200718,32,27.255
GH-Bosumtwi,Bosumtwi,20200718,33,27.249
GH-Bosumtwi,Bosumtwi,20200718,34,27.241
GH-Bosumtwi,Bosumtwi,20200718,35,27.239
GH-Bosumtwi,Bosumtwi,20200718,36,27.233
GH-Bosumtwi,Bosumtwi,20200718,37,27.214
GH-Bosumtwi,Bosumtwi,20200718,38,27.209
GH-Bosumtwi,Bosumtwi,20200718,39,27.207
GH-Bosumtwi,Bosumtwi,20200718,40,27.193
GH-Bosumtwi,Bosumtwi,20200718,41,27.187
GH-Bosumtwi,Bosumtwi,20200718,42,27.177
GH-Bosumtwi,Bosumtwi,20200718,43,27.175
GH-Bosumtwi,Bosumtwi,20200718,44,27.164
GH-Bosumtwi,Bosumtwi,20200718,45,27.154
GH-Bosumtwi,Bosumtwi,20200718,46,27.153
GH-Bosumtwi,Bosumtwi,20200718,47,27.152
GH-Bosumtwi,Bosumtwi,20200718,48,27.151
GH-Bosumtwi,Bosumtwi,20200718,49,27.145
GH-Bosumtwi,Bosumtwi,20200718,50,27.139
GH-Bosumtwi,Bosumtwi,20200718,51,27.134
GH-Bosumtwi,Bosumtwi,20200718,52,27.127
GH-Bosumtwi,Bosumtwi,20200718,53,27.123
GH-Bosumtwi,Bosumtwi,20200718,54,27.121
GH-Bosumtwi,Bosumtwi,20200718,55,27.116
GH-Bosumtwi,Bosumtwi,20200718,56,27.113
GH-Bosumtwi,Bosumtwi,20200718,57,27.109
GH-Bosumtwi,Bosumtwi,20200718,58,27.107
GH-Bosumtwi,Bosumtwi,20200718,59,27.106
GH-Bosumtwi,Bosumtwi,20200718,60,27.106
GH-Bosumtwi,Bosumtwi,20200718,61,27.106
GH-Bosumtwi,Bosumtwi,20200718,62,27.105
GH-Bosumtwi,Bosumtwi,20200718,63,27.104
GH-Bosumtwi,Bosumtwi,20200718,64,27.104
GH-Bosumtwi,Bosumtwi,20200718,65,27.104
GH-Bosumtwi,Bosumtwi,20200718,66,27.103
GH-Bosumtwi,Bosumtwi,20200718,67,27.103
GH-Bosumtwi,Bosumtwi,20200718,68,27.103
GH-Bosumtwi,Bosumtwi,20200815,0,27.589
GH-Bosumtwi,Bosumtwi,20200815,1,27.554
GH-Bosumtwi,Bosumtwi,20200815,2,27.469
GH-Bosumtwi,Bosumtwi,20200815,3,27.447
GH-Bosumtwi,Bosumtwi,20200815,4,27.44
GH-Bosumtwi,Bosumtwi,20200815,5,27.438
GH-Bosumtwi,Bosumtwi,20200815,6,27.437
GH-Bosumtwi,Bosumtwi,20200815,7,27.436
GH-Bosumtwi,Bosumtwi,20200815,8,27.433
GH-Bosumtwi,Bosumtwi,20200815,9,27.429
GH-Bosumtwi,Bosumtwi,20200815,10,27.429
GH-Bosumtwi,Bosumtwi,20200815,11,27.42
GH-Bosumtwi,Bosumtwi,20200815,12,27.416
GH-Bosumtwi,Bosumtwi,20200815,13,27.41
GH-Bosumtwi,Bosumtwi,20200815,14,27.405
GH-Bosumtwi,Bosumtwi,20200815,15,27.405
GH-Bosumtwi,Bosumtwi,20200815,16,27.401
GH-Bosumtwi,Bosumtwi,20200815,17,27.397
GH-Bosumtwi,Bosumtwi,20200815,18,27.396
GH-Bosumtwi,Bosumtwi,20200815,19,27.392
GH-Bosumtwi,Bosumtwi,20200815,20,27.39
GH-Bosumtwi,Bosumtwi,20200815,21,27.39
GH-Bosumtwi,Bosumtwi,20200815,22,27.386
GH-Bosumtwi,Bosumtwi,20200815,23,27.386
GH-Bosumtwi,Bosumtwi,20200815,24,27.385
GH-Bosumtwi,Bosumtwi,20200815,25,27.384
GH-Bosumtwi,Bosumtwi,20200815,26,27.381
GH-Bosumtwi,Bosumtwi,20200815,27,27.381
GH-Bosumtwi,Bosumtwi,20200815,28,27.38
GH-Bosumtwi,Bosumtwi,20200815,29,27.378
GH-Bosumtwi,Bosumtwi,20200815,30,27.378
GH-Bosumtwi,Bosumtwi,20200815,31,27.377
GH-Bosumtwi,Bosumtwi,20200815,32,27.377
GH-Bosumtwi,Bosumtwi,20200815,33,27.378
GH-Bosumtwi,Bosumtwi,20200815,34,27.378
GH-Bosumtwi,Bosumtwi,20200815,35,27.378
GH-Bosumtwi,Bosumtwi,20200815,36,27.377
GH-Bosumtwi,Bosumtwi,20200815,37,27.377
GH-Bosumtwi,Bosumtwi,20200815,38,27.376
GH-Bosumtwi,Bosumtwi,20200815,39,27.376
GH-Bosumtwi,Bosumtwi,20200815,40,27.376
GH-Bosumtwi,Bosumtwi,20200815,41,27.376
GH-Bosumtwi,Bosumtwi,20200815,42,27.375
GH-Bosumtwi,Bosumtwi,20200815,43,27.373
GH-Bosumtwi,Bosumtwi,20200815,44,27.373
GH-Bosumtwi,Bosumtwi,20200815,45,27.372
GH-Bosumtwi,Bosumtwi,20200815,46,27.372
GH-Bosumtwi,Bosumtwi,20200815,47,27.368
GH-Bosumtwi,Bosumtwi,20200815,48,27.364
GH-Bosumtwi,Bosumtwi,20200815,49,27.342
GH-Bosumtwi,Bosumtwi,20200815,50,27.33
GH-Bosumtwi,Bosumtwi,20200815,51,27.309
GH-Bosumtwi,Bosumtwi,20200815,52,27.291
GH-Bosumtwi,Bosumtwi,20200815,53,27.279
GH-Bosumtwi,Bosumtwi,20200815,54,27.277
GH-Bosumtwi,Bosumtwi,20200815,55,27.27
GH-Bosumtwi,Bosumtwi,20200815,56,27.251
GH-Bosumtwi,Bosumtwi,20200815,57,27.245
GH-Bosumtwi,Bosumtwi,20200815,58,27.244
GH-Bosumtwi,Bosumtwi,20200815,59,27.243
GH-Bosumtwi,Bosumtwi,20200815,60,27.238
GH-Bosumtwi,Bosumtwi,20200815,61,27.236
GH-Bosumtwi,Bosumtwi,20200815,62,27.234
GH-Bosumtwi,Bosumtwi,20200815,63,27.232
GH-Bosumtwi,Bosumtwi,20200815,64,27.23
GH-Bosumtwi,Bosumtwi,20200815,65,27.23
GH-Bosumtwi,Bosumtwi,20200815,66,27.229
GH-Bosumtwi,Bosumtwi,20200815,67,27.23
GH-Bosumtwi,Bosumtwi,20200815,68,27.23
GH-Bosumtwi,Bosumtwi,20200815,69,27.23
GH-Bosumtwi,Bosumtwi,20200815,70,27.23
GH-Bosumtwi,Bosumtwi,20200919,0.2,28.164
GH-Bosumtwi,Bosumtwi,20200919,1,28.014
GH-Bosumtwi,Bosumtwi,20200919,2,27.988
GH-Bosumtwi,Bosumtwi,20200919,3,27.906
GH-Bosumtwi,Bosumtwi,20200919,4,27.876
GH-Bosumtwi,Bosumtwi,20200919,5,27.797
GH-Bosumtwi,Bosumtwi,20200919,6,27.774
GH-Bosumtwi,Bosumtwi,20200919,7,27.763
GH-Bosumtwi,Bosumtwi,20200919,8,27.69
GH-Bosumtwi,Bosumtwi,20200919,9,27.676
GH-Bosumtwi,Bosumtwi,20200919,10,27.54
GH-Bosumtwi,Bosumtwi,20200919,11,27.497
GH-Bosumtwi,Bosumtwi,20200919,12,27.465
GH-Bosumtwi,Bosumtwi,20200919,13,27.454
GH-Bosumtwi,Bosumtwi,20200919,14,27.439
GH-Bosumtwi,Bosumtwi,20200919,15,27.418
GH-Bosumtwi,Bosumtwi,20200919,16,27.382
GH-Bosumtwi,Bosumtwi,20200919,17,27.369
GH-Bosumtwi,Bosumtwi,20200919,18,27.365
GH-Bosumtwi,Bosumtwi,20200919,19,27.361
GH-Bosumtwi,Bosumtwi,20200919,20,27.348
GH-Bosumtwi,Bosumtwi,20200919,21,27.327
GH-Bosumtwi,Bosumtwi,20200919,22,27.327
GH-Bosumtwi,Bosumtwi,20200919,23,27.323
GH-Bosumtwi,Bosumtwi,20200919,24,27.321
GH-Bosumtwi,Bosumtwi,20200919,25,27.318
GH-Bosumtwi,Bosumtwi,20200919,26,27.316
GH-Bosumtwi,Bosumtwi,20200919,27,27.308
GH-Bosumtwi,Bosumtwi,20200919,28,27.297
GH-Bosumtwi,Bosumtwi,20200919,29,27.292
GH-Bosumtwi,Bosumtwi,20200919,30,27.29
GH-Bosumtwi,Bosumtwi,20200919,31,27.29
GH-Bosumtwi,Bosumtwi,20200919,32,27.289
GH-Bosumtwi,Bosumtwi,20200919,33,27.289
GH-Bosumtwi,Bosumtwi,20200919,34,27.289
GH-Bosumtwi,Bosumtwi,20200919,35,27.289
GH-Bosumtwi,Bosumtwi,20200919,36,27.289
GH-Bosumtwi,Bosumtwi,20200919,37,27.289
GH-Bosumtwi,Bosumtwi,20200919,38,27.288
GH-Bosumtwi,Bosumtwi,20200919,39,27.286
GH-Bosumtwi,Bosumtwi,20200919,40,27.275
GH-Bosumtwi,Bosumtwi,20200919,41,27.274
GH-Bosumtwi,Bosumtwi,20200919,42,27.275
GH-Bosumtwi,Bosumtwi,20200919,43,27.275
GH-Bosumtwi,Bosumtwi,20200919,44,27.276
GH-Bosumtwi,Bosumtwi,20200919,45,27.276
GH-Bosumtwi,Bosumtwi,20200919,46,27.273
GH-Bosumtwi,Bosumtwi,20200919,47,27.272
GH-Bosumtwi,Bosumtwi,20200919,48,27.27
GH-Bosumtwi,Bosumtwi,20200919,49,27.269
GH-Bosumtwi,Bosumtwi,20200919,50,27.267
GH-Bosumtwi,Bosumtwi,20200919,51,27.267
GH-Bosumtwi,Bosumtwi,20200919,52,27.264
GH-Bosumtwi,Bosumtwi,20200919,53,27.262
GH-Bosumtwi,Bosumtwi,20200919,54,27.262
GH-Bosumtwi,Bosumtwi,20200919,55,27.261
GH-Bosumtwi,Bosumtwi,20200919,56,27.259
GH-Bosumtwi,Bosumtwi,20200919,57,27.257
GH-Bosumtwi,Bosumtwi,20200919,58,27.257
GH-Bosumtwi,Bosumtwi,20200919,59,27.256
GH-Bosumtwi,Bosumtwi,20200919,60,27.255
GH-Bosumtwi,Bosumtwi,20200919,61,27.252
GH-Bosumtwi,Bosumtwi,20200919,62,27.251
GH-Bosumtwi,Bosumtwi,20200919,63,27.249
GH-Bosumtwi,Bosumtwi,20200919,64,27.246
GH-Bosumtwi,Bosumtwi,20200919,65,27.245
GH-Bosumtwi,Bosumtwi,20200919,66,27.245
GH-Bosumtwi,Bosumtwi,20200919,67,27.243
GH-Bosumtwi,Bosumtwi,20200919,68,27.241
GH-Bosumtwi,Bosumtwi,20200919,69,27.239
GH-Bosumtwi,Bosumtwi,20201024,0.2,29.373
GH-Bosumtwi,Bosumtwi,20201024,1,29.331
GH-Bosumtwi,Bosumtwi,20201024,2,28.975
GH-Bosumtwi,Bosumtwi,20201024,3,28.48
GH-Bosumtwi,Bosumtwi,NA,4,28.428
GH-Bosumtwi,Bosumtwi,NA,5,28.316
GH-Bosumtwi,Bosumtwi,NA,6,28.237
GH-Bosumtwi,Bosumtwi,NA,7,28.146
GH-Bosumtwi,Bosumtwi,NA,8,28.023
GH-Bosumtwi,Bosumtwi,NA,9,27.902
GH-Bosumtwi,Bosumtwi,NA,10,27.731
GH-Bosumtwi,Bosumtwi,NA,11,27.63
GH-Bosumtwi,Bosumtwi,NA,12,27.591
GH-Bosumtwi,Bosumtwi,NA,13,27.55
GH-Bosumtwi,Bosumtwi,NA,14,27.51
GH-Bosumtwi,Bosumtwi,NA,15,27.47
GH-Bosumtwi,Bosumtwi,NA,16,27.37
GH-Bosumtwi,Bosumtwi,NA,17,27.332
GH-Bosumtwi,Bosumtwi,NA,18,27.302
GH-Bosumtwi,Bosumtwi,NA,19,27.295
GH-Bosumtwi,Bosumtwi,NA,20,27.28
GH-Bosumtwi,Bosumtwi,NA,21,27.262
GH-Bosumtwi,Bosumtwi,NA,22,27.259
GH-Bosumtwi,Bosumtwi,NA,23,27.254
GH-Bosumtwi,Bosumtwi,NA,24,27.252
GH-Bosumtwi,Bosumtwi,NA,25,27.247
GH-Bosumtwi,Bosumtwi,NA,26,27.245
GH-Bosumtwi,Bosumtwi,NA,27,27.244
GH-Bosumtwi,Bosumtwi,NA,28,27.241
GH-Bosumtwi,Bosumtwi,NA,29,27.24
GH-Bosumtwi,Bosumtwi,NA,30,27.238
GH-Bosumtwi,Bosumtwi,NA,31,27.235
GH-Bosumtwi,Bosumtwi,NA,32,27.235
GH-Bosumtwi,Bosumtwi,NA,33,27.234
GH-Bosumtwi,Bosumtwi,NA,34,27.231
GH-Bosumtwi,Bosumtwi,NA,35,27.231
GH-Bosumtwi,Bosumtwi,NA,36,27.23
GH-Bosumtwi,Bosumtwi,NA,37,27.229
GH-Bosumtwi,Bosumtwi,NA,38,27.227
GH-Bosumtwi,Bosumtwi,NA,39,27.223
GH-Bosumtwi,Bosumtwi,NA,40,27.223
GH-Bosumtwi,Bosumtwi,NA,41,27.222
GH-Bosumtwi,Bosumtwi,NA,42,27.218
GH-Bosumtwi,Bosumtwi,NA,43,27.217
GH-Bosumtwi,Bosumtwi,NA,44,27.217
GH-Bosumtwi,Bosumtwi,NA,45,27.215
GH-Bosumtwi,Bosumtwi,NA,46,27.213
GH-Bosumtwi,Bosumtwi,NA,47,27.212
GH-Bosumtwi,Bosumtwi,NA,48,27.212
GH-Bosumtwi,Bosumtwi,NA,49,27.21
GH-Bosumtwi,Bosumtwi,NA,50,27.208
GH-Bosumtwi,Bosumtwi,NA,51,27.207
GH-Bosumtwi,Bosumtwi,NA,52,27.207
GH-Bosumtwi,Bosumtwi,NA,53,27.206
GH-Bosumtwi,Bosumtwi,NA,54,27.206
GH-Bosumtwi,Bosumtwi,NA,55,27.205
GH-Bosumtwi,Bosumtwi,NA,56,27.203
GH-Bosumtwi,Bosumtwi,NA,57,27.2
GH-Bosumtwi,Bosumtwi,NA,58,27.2
GH-Bosumtwi,Bosumtwi,NA,59,27.198
GH-Bosumtwi,Bosumtwi,NA,60,27.198
GH-Bosumtwi,Bosumtwi,NA,61,27.197
GH-Bosumtwi,Bosumtwi,NA,62,27.196
GH-Bosumtwi,Bosumtwi,NA,63,27.196
GH-Bosumtwi,Bosumtwi,NA,64,27.196
GH-Bosumtwi,Bosumtwi,NA,65,27.196
GH-Bosumtwi,Bosumtwi,NA,66,27.195
GH-Bosumtwi,Bosumtwi,NA,67,27.194
GH-Bosumtwi,Bosumtwi,NA,68,27.193
GH-Bosumtwi,Bosumtwi,NA,69,27.193
,,NA,NA,NA
