SITE_ID,SITE_NAME,TIMESTAMP,DEPTH,WTEMP
FI-Paa,Paajarvi,20120326,0,0.3
FI-Paa,Paajarvi,20120326,1,1.4
FI-Paa,Paajarvi,20120326,2,1.6
FI-Paa,Paajarvi,20120326,3,1.7
FI-Paa,Paajarvi,20120326,4,1.8
FI-Paa,Paajarvi,20120326,5,1.9
FI-Paa,Paajarvi,20120326,6,1.9
FI-Paa,Paajarvi,20120326,7,1.9
FI-Paa,Paajarvi,20120326,8,2
FI-Paa,Paajarvi,20120326,9,2
FI-Paa,Paajarvi,20120326,10,2
FI-Paa,Paajarvi,20120326,11,2
FI-Paa,Paajarvi,20120326,12,2.1
FI-Paa,Paajarvi,20120326,13,2.1
FI-Paa,Paajarvi,20120326,14,2.1
FI-Paa,Paajarvi,20120326,15,2.1
FI-Paa,Paajarvi,20120326,16,2.1
FI-Paa,Paajarvi,20120326,17,2.1
FI-Paa,Paajarvi,20120326,18,2.2
FI-Paa,Paajarvi,20120326,19,2.2
FI-Paa,Paajarvi,20120326,20,2.2
FI-Paa,Paajarvi,20120326,25,2.3
FI-Paa,Paajarvi,20120326,30,2.3
FI-Paa,Paajarvi,20120326,35,2.3
FI-Paa,Paajarvi,20120326,40,2.4
FI-Paa,Paajarvi,20120326,45,2.4
FI-Paa,Paajarvi,20120326,50,2.5
FI-Paa,Paajarvi,20120326,55,2.6
FI-Paa,Paajarvi,20120326,60,2.6
FI-Paa,Paajarvi,20120326,65,2.7
FI-Paa,Paajarvi,20120515,0,6.1
FI-Paa,Paajarvi,20120515,1,6
FI-Paa,Paajarvi,20120515,2,5.9
FI-Paa,Paajarvi,20120515,3,5.9
FI-Paa,Paajarvi,20120515,4,5.9
FI-Paa,Paajarvi,20120515,5,5.9
FI-Paa,Paajarvi,20120515,6,5.8
FI-Paa,Paajarvi,20120515,7,5.8
FI-Paa,Paajarvi,20120515,8,5.8
FI-Paa,Paajarvi,20120515,9,5.8
FI-Paa,Paajarvi,20120515,10,5.7
FI-Paa,Paajarvi,20120515,11,5.7
FI-Paa,Paajarvi,20120515,12,5.7
FI-Paa,Paajarvi,20120515,13,5.5
FI-Paa,Paajarvi,20120515,14,5.5
FI-Paa,Paajarvi,20120515,15,5.4
FI-Paa,Paajarvi,20120515,16,5.4
FI-Paa,Paajarvi,20120515,17,5.4
FI-Paa,Paajarvi,20120515,18,5.3
FI-Paa,Paajarvi,20120515,19,5.3
FI-Paa,Paajarvi,20120515,20,5.3
FI-Paa,Paajarvi,20120515,25,5.3
FI-Paa,Paajarvi,20120515,30,5.2
FI-Paa,Paajarvi,20120515,35,4.9
FI-Paa,Paajarvi,20120515,40,4.8
FI-Paa,Paajarvi,20120515,45,4.7
FI-Paa,Paajarvi,20120515,50,4.6
FI-Paa,Paajarvi,20120515,55,4.6
FI-Paa,Paajarvi,20120515,60,4.5
FI-Paa,Paajarvi,20120515,65,4.5
FI-Paa,Paajarvi,20120611,0,14.5
FI-Paa,Paajarvi,20120611,1,13.7
FI-Paa,Paajarvi,20120611,2,13.6
FI-Paa,Paajarvi,20120611,3,13.5
FI-Paa,Paajarvi,20120611,4,12.7
FI-Paa,Paajarvi,20120611,5,12.2
FI-Paa,Paajarvi,20120611,6,11.5
FI-Paa,Paajarvi,20120611,7,10.1
FI-Paa,Paajarvi,20120611,8,9
FI-Paa,Paajarvi,20120611,9,8.4
FI-Paa,Paajarvi,20120611,10,8
FI-Paa,Paajarvi,20120611,11,8
FI-Paa,Paajarvi,20120611,12,7.8
FI-Paa,Paajarvi,20120611,13,7.7
FI-Paa,Paajarvi,20120611,14,7.7
FI-Paa,Paajarvi,20120611,15,7.6
FI-Paa,Paajarvi,20120611,16,7.5
FI-Paa,Paajarvi,20120611,17,7.2
FI-Paa,Paajarvi,20120611,18,7.1
FI-Paa,Paajarvi,20120611,19,7
FI-Paa,Paajarvi,20120611,20,6.7
FI-Paa,Paajarvi,20120611,25,5.7
FI-Paa,Paajarvi,20120611,30,5.3
FI-Paa,Paajarvi,20120611,35,5
FI-Paa,Paajarvi,20120611,40,4.9
FI-Paa,Paajarvi,20120611,45,4.9
FI-Paa,Paajarvi,20120611,50,4.8
FI-Paa,Paajarvi,20120611,55,4.8
FI-Paa,Paajarvi,20120611,60,4.8
FI-Paa,Paajarvi,20120611,65,4.8
FI-Paa,Paajarvi,20120710,0,20
FI-Paa,Paajarvi,20120710,1,20
FI-Paa,Paajarvi,20120710,2,19.8
FI-Paa,Paajarvi,20120710,3,18.3
FI-Paa,Paajarvi,20120710,4,17.3
FI-Paa,Paajarvi,20120710,5,15.7
FI-Paa,Paajarvi,20120710,6,14.5
FI-Paa,Paajarvi,20120710,7,13.8
FI-Paa,Paajarvi,20120710,8,12.9
FI-Paa,Paajarvi,20120710,9,12.5
FI-Paa,Paajarvi,20120710,10,10.8
FI-Paa,Paajarvi,20120710,11,9.8
FI-Paa,Paajarvi,20120710,12,9
FI-Paa,Paajarvi,20120710,13,8.8
FI-Paa,Paajarvi,20120710,14,8.4
FI-Paa,Paajarvi,20120710,15,8
FI-Paa,Paajarvi,20120710,16,7.8
FI-Paa,Paajarvi,20120710,17,7.6
FI-Paa,Paajarvi,20120710,18,7.4
FI-Paa,Paajarvi,20120710,19,7.3
FI-Paa,Paajarvi,20120710,20,7.1
FI-Paa,Paajarvi,20120710,25,6.3
FI-Paa,Paajarvi,20120710,30,5.8
FI-Paa,Paajarvi,20120710,35,5.5
FI-Paa,Paajarvi,20120710,40,5.3
FI-Paa,Paajarvi,20120710,45,5.2
FI-Paa,Paajarvi,20120710,50,5.1
FI-Paa,Paajarvi,20120710,55,5.1
FI-Paa,Paajarvi,20120710,60,5.1
FI-Paa,Paajarvi,20120710,65,5.2
FI-Paa,Paajarvi,20120814,0,17.5
FI-Paa,Paajarvi,20120814,1,17.5
FI-Paa,Paajarvi,20120814,2,17.5
FI-Paa,Paajarvi,20120814,3,17.3
FI-Paa,Paajarvi,20120814,4,17.1
FI-Paa,Paajarvi,20120814,5,17
FI-Paa,Paajarvi,20120814,6,16.9
FI-Paa,Paajarvi,20120814,7,16.6
FI-Paa,Paajarvi,20120814,8,15.3
FI-Paa,Paajarvi,20120814,9,12.7
FI-Paa,Paajarvi,20120814,10,10.8
FI-Paa,Paajarvi,20120814,11,9.5
FI-Paa,Paajarvi,20120814,12,9.1
FI-Paa,Paajarvi,20120814,13,8.8
FI-Paa,Paajarvi,20120814,14,8.6
FI-Paa,Paajarvi,20120814,15,8.3
FI-Paa,Paajarvi,20120814,16,8
FI-Paa,Paajarvi,20120814,17,7.8
FI-Paa,Paajarvi,20120814,18,7.5
FI-Paa,Paajarvi,20120814,19,7.2
FI-Paa,Paajarvi,20120814,20,6.9
FI-Paa,Paajarvi,20120814,25,6.2
FI-Paa,Paajarvi,20120814,30,5.7
FI-Paa,Paajarvi,20120814,35,5.5
FI-Paa,Paajarvi,20120814,40,5.4
FI-Paa,Paajarvi,20120814,45,5.3
FI-Paa,Paajarvi,20120814,50,5.3
FI-Paa,Paajarvi,20120814,55,5.2
FI-Paa,Paajarvi,20120814,60,5.2
FI-Paa,Paajarvi,20120814,65,5.2
FI-Paa,Paajarvi,20120919,0,13.3
FI-Paa,Paajarvi,20120919,1,13.3
FI-Paa,Paajarvi,20120919,2,13.3
FI-Paa,Paajarvi,20120919,3,13.3
FI-Paa,Paajarvi,20120919,4,13.3
FI-Paa,Paajarvi,20120919,5,13.2
FI-Paa,Paajarvi,20120919,6,13.2
FI-Paa,Paajarvi,20120919,7,13.2
FI-Paa,Paajarvi,20120919,8,13.2
FI-Paa,Paajarvi,20120919,9,13.2
FI-Paa,Paajarvi,20120919,10,13.1
FI-Paa,Paajarvi,20120919,11,12.5
FI-Paa,Paajarvi,20120919,12,11
FI-Paa,Paajarvi,20120919,13,9.8
FI-Paa,Paajarvi,20120919,14,8.9
FI-Paa,Paajarvi,20120919,15,8.5
FI-Paa,Paajarvi,20120919,20,7
FI-Paa,Paajarvi,20120919,25,6.3
FI-Paa,Paajarvi,20120919,30,5.7
FI-Paa,Paajarvi,20120919,35,5.8
FI-Paa,Paajarvi,20120919,40,5.4
FI-Paa,Paajarvi,20120919,45,5.4
FI-Paa,Paajarvi,20120919,50,5.3
FI-Paa,Paajarvi,20120919,55,5.3
FI-Paa,Paajarvi,20120919,60,5.3
FI-Paa,Paajarvi,20120919,65,5.3
FI-Paa,Paajarvi,20121015,0,9.6
FI-Paa,Paajarvi,20121015,1,9.6
FI-Paa,Paajarvi,20121015,2,9.6
FI-Paa,Paajarvi,20121015,3,9.6
FI-Paa,Paajarvi,20121015,4,9.6
FI-Paa,Paajarvi,20121015,5,9.6
FI-Paa,Paajarvi,20121015,6,9.6
FI-Paa,Paajarvi,20121015,7,9.6
FI-Paa,Paajarvi,20121015,8,9.6
FI-Paa,Paajarvi,20121015,9,9.6
FI-Paa,Paajarvi,20121015,10,9.6
FI-Paa,Paajarvi,20121015,11,9.6
FI-Paa,Paajarvi,20121015,12,9.6
FI-Paa,Paajarvi,20121015,13,9.6
FI-Paa,Paajarvi,20121015,14,9.5
FI-Paa,Paajarvi,20121015,15,9.4
FI-Paa,Paajarvi,20121015,16,9
FI-Paa,Paajarvi,20121015,17,8.9
FI-Paa,Paajarvi,20121015,18,8.9
FI-Paa,Paajarvi,20121015,19,8.6
FI-Paa,Paajarvi,20121015,20,8.3
FI-Paa,Paajarvi,20121015,25,6.7
FI-Paa,Paajarvi,20121015,30,6
FI-Paa,Paajarvi,20121015,35,5.5
FI-Paa,Paajarvi,20121015,40,5.4
FI-Paa,Paajarvi,20121015,45,5.4
FI-Paa,Paajarvi,20121015,50,5.4
FI-Paa,Paajarvi,20121015,55,5.3
FI-Paa,Paajarvi,20121015,60,5.3
FI-Paa,Paajarvi,20121015,65,5.3
FI-Paa,Paajarvi,20121115,0,5
FI-Paa,Paajarvi,20121115,1,5
FI-Paa,Paajarvi,20121115,2,5
FI-Paa,Paajarvi,20121115,3,5
FI-Paa,Paajarvi,20121115,4,5
FI-Paa,Paajarvi,20121115,5,5
FI-Paa,Paajarvi,20121115,6,5
FI-Paa,Paajarvi,20121115,7,5
FI-Paa,Paajarvi,20121115,8,5
FI-Paa,Paajarvi,20121115,9,5
FI-Paa,Paajarvi,20121115,10,5
FI-Paa,Paajarvi,20121115,11,4.9
FI-Paa,Paajarvi,20121115,12,4.9
FI-Paa,Paajarvi,20121115,13,4.9
FI-Paa,Paajarvi,20121115,14,4.9
FI-Paa,Paajarvi,20121115,15,4.9
FI-Paa,Paajarvi,20121115,16,4.9
FI-Paa,Paajarvi,20121115,17,4.9
FI-Paa,Paajarvi,20121115,18,4.9
FI-Paa,Paajarvi,20121115,19,4.9
FI-Paa,Paajarvi,20121115,20,4.9
FI-Paa,Paajarvi,20121115,25,4.9
FI-Paa,Paajarvi,20121115,30,4.9
FI-Paa,Paajarvi,20121115,35,4.9
FI-Paa,Paajarvi,20121115,40,4.9
FI-Paa,Paajarvi,20121115,45,4.9
FI-Paa,Paajarvi,20121115,50,4.9
FI-Paa,Paajarvi,20121115,55,4.9
FI-Paa,Paajarvi,20121115,60,4.9
FI-Paa,Paajarvi,20121115,65,4.9
FI-Paa,Paajarvi,20130311,0,0.8
FI-Paa,Paajarvi,20130311,1,1.9
FI-Paa,Paajarvi,20130311,2,2.4
FI-Paa,Paajarvi,20130311,3,2.6
FI-Paa,Paajarvi,20130311,4,2.8
FI-Paa,Paajarvi,20130311,5,2.9
FI-Paa,Paajarvi,20130311,6,2.9
FI-Paa,Paajarvi,20130311,7,2.9
FI-Paa,Paajarvi,20130311,8,3
FI-Paa,Paajarvi,20130311,9,3
FI-Paa,Paajarvi,20130311,10,3.1
FI-Paa,Paajarvi,20130311,11,3.1
FI-Paa,Paajarvi,20130311,12,3.1
FI-Paa,Paajarvi,20130311,13,3.1
FI-Paa,Paajarvi,20130311,14,3.2
FI-Paa,Paajarvi,20130311,15,3.2
FI-Paa,Paajarvi,20130311,16,3.2
FI-Paa,Paajarvi,20130311,17,3.2
FI-Paa,Paajarvi,20130311,18,3.2
FI-Paa,Paajarvi,20130311,19,3.3
FI-Paa,Paajarvi,20130311,20,3.3
FI-Paa,Paajarvi,20130311,25,3.4
FI-Paa,Paajarvi,20130311,30,3.4
FI-Paa,Paajarvi,20130311,35,3.4
FI-Paa,Paajarvi,20130311,40,3.5
FI-Paa,Paajarvi,20130311,45,3.6
FI-Paa,Paajarvi,20130311,50,3.6
FI-Paa,Paajarvi,20130311,55,3.6
FI-Paa,Paajarvi,20130311,60,3.7
FI-Paa,Paajarvi,20130311,65,3.7
FI-Paa,Paajarvi,20130516,0,13
FI-Paa,Paajarvi,20130516,1,12.6
FI-Paa,Paajarvi,20130516,2,8.7
FI-Paa,Paajarvi,20130516,3,7.4
FI-Paa,Paajarvi,20130516,4,7.1
FI-Paa,Paajarvi,20130516,5,7
FI-Paa,Paajarvi,20130516,6,6.6
FI-Paa,Paajarvi,20130516,7,6.5
FI-Paa,Paajarvi,20130516,8,6.3
FI-Paa,Paajarvi,20130516,9,5.9
FI-Paa,Paajarvi,20130516,10,5.6
FI-Paa,Paajarvi,20130516,11,5.5
FI-Paa,Paajarvi,20130516,12,5.2
FI-Paa,Paajarvi,20130516,13,5.1
FI-Paa,Paajarvi,20130516,14,5
FI-Paa,Paajarvi,20130516,15,5
FI-Paa,Paajarvi,20130516,16,4.9
FI-Paa,Paajarvi,20130516,17,4.8
FI-Paa,Paajarvi,20130516,18,4.6
FI-Paa,Paajarvi,20130516,19,4.6
FI-Paa,Paajarvi,20130516,20,4.6
FI-Paa,Paajarvi,20130516,25,4.5
FI-Paa,Paajarvi,20130516,30,4.4
FI-Paa,Paajarvi,20130516,35,4.3
FI-Paa,Paajarvi,20130516,40,4.2
FI-Paa,Paajarvi,20130516,45,4.2
FI-Paa,Paajarvi,20130516,50,4.2
FI-Paa,Paajarvi,20130516,55,4.2
FI-Paa,Paajarvi,20130516,60,4.1
FI-Paa,Paajarvi,20130516,65,4.1
FI-Paa,Paajarvi,20130618,0,16.1
FI-Paa,Paajarvi,20130618,1,16.1
FI-Paa,Paajarvi,20130618,2,16.1
FI-Paa,Paajarvi,20130618,3,16.1
FI-Paa,Paajarvi,20130618,4,16.1
FI-Paa,Paajarvi,20130618,5,15.8
FI-Paa,Paajarvi,20130618,6,15.6
FI-Paa,Paajarvi,20130618,7,13.2
FI-Paa,Paajarvi,20130618,8,10.4
FI-Paa,Paajarvi,20130618,9,8.6
FI-Paa,Paajarvi,20130618,10,7.8
FI-Paa,Paajarvi,20130618,11,7.6
FI-Paa,Paajarvi,20130618,12,7.2
FI-Paa,Paajarvi,20130618,13,6.9
FI-Paa,Paajarvi,20130618,14,6.6
FI-Paa,Paajarvi,20130618,15,6.4
FI-Paa,Paajarvi,20130618,16,6.3
FI-Paa,Paajarvi,20130618,17,6.2
FI-Paa,Paajarvi,20130618,18,6
FI-Paa,Paajarvi,20130618,19,5.8
FI-Paa,Paajarvi,20130618,20,5.6
FI-Paa,Paajarvi,20130618,25,5.2
FI-Paa,Paajarvi,20130618,30,4.9
FI-Paa,Paajarvi,20130618,35,4.6
FI-Paa,Paajarvi,20130618,40,4.5
FI-Paa,Paajarvi,20130618,45,4.5
FI-Paa,Paajarvi,20130618,50,4.5
FI-Paa,Paajarvi,20130618,55,4.5
FI-Paa,Paajarvi,20130618,60,4.4
FI-Paa,Paajarvi,20130618,65,4.4
FI-Paa,Paajarvi,20130717,0,18.9
FI-Paa,Paajarvi,20130717,1,18.9
FI-Paa,Paajarvi,20130717,2,18.9
FI-Paa,Paajarvi,20130717,3,18.8
FI-Paa,Paajarvi,20130717,4,18.7
FI-Paa,Paajarvi,20130717,5,18.5
FI-Paa,Paajarvi,20130717,6,13.4
FI-Paa,Paajarvi,20130717,7,12.3
FI-Paa,Paajarvi,20130717,8,10.1
FI-Paa,Paajarvi,20130717,9,9.1
FI-Paa,Paajarvi,20130717,10,8.8
FI-Paa,Paajarvi,20130717,11,8.4
FI-Paa,Paajarvi,20130717,12,8.1
FI-Paa,Paajarvi,20130717,13,7.7
FI-Paa,Paajarvi,20130717,14,7.2
FI-Paa,Paajarvi,20130717,15,7.1
FI-Paa,Paajarvi,20130717,16,7
FI-Paa,Paajarvi,20130717,17,6.6
FI-Paa,Paajarvi,20130717,18,6.5
FI-Paa,Paajarvi,20130717,19,6.4
FI-Paa,Paajarvi,20130717,20,6.2
FI-Paa,Paajarvi,20130717,25,5.5
FI-Paa,Paajarvi,20130717,30,5.2
FI-Paa,Paajarvi,20130717,35,4.8
FI-Paa,Paajarvi,20130717,40,4.6
FI-Paa,Paajarvi,20130717,45,4.6
FI-Paa,Paajarvi,20130717,50,4.6
FI-Paa,Paajarvi,20130717,55,4.5
FI-Paa,Paajarvi,20130717,60,4.5
FI-Paa,Paajarvi,20130717,65,4.5
FI-Paa,Paajarvi,20130813,0,19.5
FI-Paa,Paajarvi,20130813,1,19.5
FI-Paa,Paajarvi,20130813,2,19.4
FI-Paa,Paajarvi,20130813,3,19.3
FI-Paa,Paajarvi,20130813,4,19
FI-Paa,Paajarvi,20130813,5,17.3
FI-Paa,Paajarvi,20130813,6,16.3
FI-Paa,Paajarvi,20130813,7,13.5
FI-Paa,Paajarvi,20130813,8,12.3
FI-Paa,Paajarvi,20130813,9,11.1
FI-Paa,Paajarvi,20130813,10,9.5
FI-Paa,Paajarvi,20130813,11,9
FI-Paa,Paajarvi,20130813,12,8.3
FI-Paa,Paajarvi,20130813,13,7.8
FI-Paa,Paajarvi,20130813,14,7.6
FI-Paa,Paajarvi,20130813,15,7.3
FI-Paa,Paajarvi,20130813,16,7
FI-Paa,Paajarvi,20130813,17,6.8
FI-Paa,Paajarvi,20130813,18,6.5
FI-Paa,Paajarvi,20130813,19,6.3
FI-Paa,Paajarvi,20130813,20,6.1
FI-Paa,Paajarvi,20130813,25,5.4
FI-Paa,Paajarvi,20130813,30,4.9
FI-Paa,Paajarvi,20130813,35,4.8
FI-Paa,Paajarvi,20130813,40,4.7
FI-Paa,Paajarvi,20130813,45,4.6
FI-Paa,Paajarvi,20130813,50,4.6
FI-Paa,Paajarvi,20130813,55,4.6
FI-Paa,Paajarvi,20130813,60,4.5
FI-Paa,Paajarvi,20130813,65,4.5
FI-Paa,Paajarvi,20130916,0,15.9
FI-Paa,Paajarvi,20130916,1,15.8
FI-Paa,Paajarvi,20130916,2,15.8
FI-Paa,Paajarvi,20130916,3,15.8
FI-Paa,Paajarvi,20130916,4,15.8
FI-Paa,Paajarvi,20130916,5,15.7
FI-Paa,Paajarvi,20130916,6,15.7
FI-Paa,Paajarvi,20130916,7,15.5
FI-Paa,Paajarvi,20130916,8,13.7
FI-Paa,Paajarvi,20130916,9,12.2
FI-Paa,Paajarvi,20130916,10,9.9
FI-Paa,Paajarvi,20130916,11,8.7
FI-Paa,Paajarvi,20130916,12,8.1
FI-Paa,Paajarvi,20130916,13,7.9
FI-Paa,Paajarvi,20130916,14,7.5
FI-Paa,Paajarvi,20130916,15,7.3
FI-Paa,Paajarvi,20130916,16,7.1
FI-Paa,Paajarvi,20130916,17,6.8
FI-Paa,Paajarvi,20130916,18,6.6
FI-Paa,Paajarvi,20130916,19,6.4
FI-Paa,Paajarvi,20130916,20,6.2
FI-Paa,Paajarvi,20130916,25,5.4
FI-Paa,Paajarvi,20130916,30,5.1
FI-Paa,Paajarvi,20130916,35,4.9
FI-Paa,Paajarvi,20130916,40,4.8
FI-Paa,Paajarvi,20130916,45,4.7
FI-Paa,Paajarvi,20130916,50,4.7
FI-Paa,Paajarvi,20130916,55,4.6
FI-Paa,Paajarvi,20130916,60,4.6
FI-Paa,Paajarvi,20130916,65,4.6
FI-Paa,Paajarvi,20131015,0,9.1
FI-Paa,Paajarvi,20131015,1,9.1
FI-Paa,Paajarvi,20131015,2,9.1
FI-Paa,Paajarvi,20131015,3,9.1
FI-Paa,Paajarvi,20131015,4,9.1
FI-Paa,Paajarvi,20131015,5,9.1
FI-Paa,Paajarvi,20131015,6,9.1
FI-Paa,Paajarvi,20131015,7,9.1
FI-Paa,Paajarvi,20131015,8,9.1
FI-Paa,Paajarvi,20131015,9,9.1
FI-Paa,Paajarvi,20131015,10,9.1
FI-Paa,Paajarvi,20131015,11,9.1
FI-Paa,Paajarvi,20131015,12,9.1
FI-Paa,Paajarvi,20131015,13,9.1
FI-Paa,Paajarvi,20131015,14,9.1
FI-Paa,Paajarvi,20131015,15,9
FI-Paa,Paajarvi,20131015,16,9
FI-Paa,Paajarvi,20131015,17,9
FI-Paa,Paajarvi,20131015,18,8.5
FI-Paa,Paajarvi,20131015,19,7.5
FI-Paa,Paajarvi,20131015,20,6.9
FI-Paa,Paajarvi,20131015,25,5.5
FI-Paa,Paajarvi,20131015,30,5
FI-Paa,Paajarvi,20131015,35,4.9
FI-Paa,Paajarvi,20131015,40,4.8
FI-Paa,Paajarvi,20131015,45,4.7
FI-Paa,Paajarvi,20131015,50,4.7
FI-Paa,Paajarvi,20131015,55,4.7
FI-Paa,Paajarvi,20131015,60,4.7
FI-Paa,Paajarvi,20131015,65,4.7
FI-Paa,Paajarvi,20131112,0,5.8
FI-Paa,Paajarvi,20131112,1,5.8
FI-Paa,Paajarvi,20131112,2,5.8
FI-Paa,Paajarvi,20131112,3,5.8
FI-Paa,Paajarvi,20131112,4,5.8
FI-Paa,Paajarvi,20131112,5,5.8
FI-Paa,Paajarvi,20131112,6,5.8
FI-Paa,Paajarvi,20131112,7,5.8
FI-Paa,Paajarvi,20131112,8,5.8
FI-Paa,Paajarvi,20131112,9,5.8
FI-Paa,Paajarvi,20131112,10,5.8
FI-Paa,Paajarvi,20131112,11,5.8
FI-Paa,Paajarvi,20131112,12,5.8
FI-Paa,Paajarvi,20131112,13,5.8
FI-Paa,Paajarvi,20131112,14,5.8
FI-Paa,Paajarvi,20131112,15,5.8
FI-Paa,Paajarvi,20131112,16,5.8
FI-Paa,Paajarvi,20131112,17,5.8
FI-Paa,Paajarvi,20131112,18,5.8
FI-Paa,Paajarvi,20131112,19,5.8
FI-Paa,Paajarvi,20131112,20,5.8
FI-Paa,Paajarvi,20131112,25,5.8
FI-Paa,Paajarvi,20131112,30,5.8
FI-Paa,Paajarvi,20131112,35,5.7
FI-Paa,Paajarvi,20131112,40,5.5
FI-Paa,Paajarvi,20131112,45,5.5
FI-Paa,Paajarvi,20131112,50,5.5
FI-Paa,Paajarvi,20131112,55,5.5
FI-Paa,Paajarvi,20131112,60,5.3
FI-Paa,Paajarvi,20131112,65,5.3
FI-Paa,Paajarvi,20140513,0,7.5
FI-Paa,Paajarvi,20140513,1,7.5
FI-Paa,Paajarvi,20140513,2,7.4
FI-Paa,Paajarvi,20140513,3,7.2
FI-Paa,Paajarvi,20140513,4,7
FI-Paa,Paajarvi,20140513,5,6.7
FI-Paa,Paajarvi,20140513,6,6.3
FI-Paa,Paajarvi,20140513,7,6.3
FI-Paa,Paajarvi,20140513,8,6.2
FI-Paa,Paajarvi,20140513,9,6.1
FI-Paa,Paajarvi,20140513,10,5.9
FI-Paa,Paajarvi,20140513,11,5.8
FI-Paa,Paajarvi,20140513,12,5.8
FI-Paa,Paajarvi,20140513,13,5.7
FI-Paa,Paajarvi,20140513,14,5.7
FI-Paa,Paajarvi,20140513,15,5.6
FI-Paa,Paajarvi,20140513,16,5.6
FI-Paa,Paajarvi,20140513,17,5.6
FI-Paa,Paajarvi,20140513,18,5.5
FI-Paa,Paajarvi,20140513,19,5.5
FI-Paa,Paajarvi,20140513,20,5.5
FI-Paa,Paajarvi,20140513,25,5.3
FI-Paa,Paajarvi,20140513,30,5.3
FI-Paa,Paajarvi,20140513,35,5.2
FI-Paa,Paajarvi,20140513,40,5.1
FI-Paa,Paajarvi,20140513,45,5.1
FI-Paa,Paajarvi,20140513,50,5.1
FI-Paa,Paajarvi,20140513,55,5.1
FI-Paa,Paajarvi,20140513,60,5
FI-Paa,Paajarvi,20140513,65,5
FI-Paa,Paajarvi,20140617,0,15.5
FI-Paa,Paajarvi,20140617,1,15.5
FI-Paa,Paajarvi,20140617,2,15.5
FI-Paa,Paajarvi,20140617,3,15.5
FI-Paa,Paajarvi,20140617,4,15.5
FI-Paa,Paajarvi,20140617,5,15.5
FI-Paa,Paajarvi,20140617,6,15.4
FI-Paa,Paajarvi,20140617,7,15.3
FI-Paa,Paajarvi,20140617,8,12
FI-Paa,Paajarvi,20140617,9,10.9
FI-Paa,Paajarvi,20140617,10,10.4
FI-Paa,Paajarvi,20140617,11,9
FI-Paa,Paajarvi,20140617,12,8.8
FI-Paa,Paajarvi,20140617,13,8.3
FI-Paa,Paajarvi,20140617,14,7.9
FI-Paa,Paajarvi,20140617,15,7.4
FI-Paa,Paajarvi,20140617,16,7.1
FI-Paa,Paajarvi,20140617,17,7
FI-Paa,Paajarvi,20140617,18,6.9
FI-Paa,Paajarvi,20140617,19,6.8
FI-Paa,Paajarvi,20140617,20,6.6
FI-Paa,Paajarvi,20140617,25,6.1
FI-Paa,Paajarvi,20140617,30,5.8
FI-Paa,Paajarvi,20140617,35,5.5
FI-Paa,Paajarvi,20140617,40,5.4
FI-Paa,Paajarvi,20140617,45,5.3
FI-Paa,Paajarvi,20140617,50,5.3
FI-Paa,Paajarvi,20140617,55,5.3
FI-Paa,Paajarvi,20140617,60,5.2
FI-Paa,Paajarvi,20140617,65,5.2
FI-Paa,Paajarvi,20140715,0,21.3
FI-Paa,Paajarvi,20140715,1,21.1
FI-Paa,Paajarvi,20140715,2,20.5
FI-Paa,Paajarvi,20140715,3,17.6
FI-Paa,Paajarvi,20140715,4,14.6
FI-Paa,Paajarvi,20140715,5,14.1
FI-Paa,Paajarvi,20140715,6,13.5
FI-Paa,Paajarvi,20140715,7,13.3
FI-Paa,Paajarvi,20140715,8,12.8
FI-Paa,Paajarvi,20140715,9,12.3
FI-Paa,Paajarvi,20140715,10,12.1
FI-Paa,Paajarvi,20140715,11,10.9
FI-Paa,Paajarvi,20140715,12,10.1
FI-Paa,Paajarvi,20140715,13,9.1
FI-Paa,Paajarvi,20140715,14,8.5
FI-Paa,Paajarvi,20140715,15,7.8
FI-Paa,Paajarvi,20140715,16,7.5
FI-Paa,Paajarvi,20140715,17,7.2
FI-Paa,Paajarvi,20140715,18,6.7
FI-Paa,Paajarvi,20140715,19,6.6
FI-Paa,Paajarvi,20140715,20,6.5
FI-Paa,Paajarvi,20140715,25,5.9
FI-Paa,Paajarvi,20140715,30,5.6
FI-Paa,Paajarvi,20140715,35,5.5
FI-Paa,Paajarvi,20140715,40,5.4
FI-Paa,Paajarvi,20140715,45,5.4
FI-Paa,Paajarvi,20140715,50,5.4
FI-Paa,Paajarvi,20140715,55,5.3
FI-Paa,Paajarvi,20140715,60,5.3
FI-Paa,Paajarvi,20140715,65,5.3
FI-Paa,Paajarvi,20140812,0,22.8
FI-Paa,Paajarvi,20140812,1,22.8
FI-Paa,Paajarvi,20140812,2,22.8
FI-Paa,Paajarvi,20140812,3,22.7
FI-Paa,Paajarvi,20140812,4,21.2
FI-Paa,Paajarvi,20140812,5,18.1
FI-Paa,Paajarvi,20140812,6,14.5
FI-Paa,Paajarvi,20140812,7,13.3
FI-Paa,Paajarvi,20140812,8,11.9
FI-Paa,Paajarvi,20140812,9,11.2
FI-Paa,Paajarvi,20140812,10,10.6
FI-Paa,Paajarvi,20140812,11,9.9
FI-Paa,Paajarvi,20140812,12,9.4
FI-Paa,Paajarvi,20140812,13,9.3
FI-Paa,Paajarvi,20140812,14,8.9
FI-Paa,Paajarvi,20140812,15,8.5
FI-Paa,Paajarvi,20140812,16,8.1
FI-Paa,Paajarvi,20140812,17,7.8
FI-Paa,Paajarvi,20140812,18,7.4
FI-Paa,Paajarvi,20140812,19,7
FI-Paa,Paajarvi,20140812,20,6.7
FI-Paa,Paajarvi,20140812,25,6.1
FI-Paa,Paajarvi,20140812,30,5.7
FI-Paa,Paajarvi,20140812,35,5.6
FI-Paa,Paajarvi,20140812,40,5.5
FI-Paa,Paajarvi,20140812,45,5.5
FI-Paa,Paajarvi,20140812,50,5.4
FI-Paa,Paajarvi,20140812,55,5.4
FI-Paa,Paajarvi,20140812,60,5.4
FI-Paa,Paajarvi,20140812,65,5.4
FI-Paa,Paajarvi,20140916,0,16.3
FI-Paa,Paajarvi,20140916,1,16.1
FI-Paa,Paajarvi,20140916,2,16
FI-Paa,Paajarvi,20140916,3,16
FI-Paa,Paajarvi,20140916,4,15.9
FI-Paa,Paajarvi,20140916,5,15.5
FI-Paa,Paajarvi,20140916,6,15.3
FI-Paa,Paajarvi,20140916,7,15
FI-Paa,Paajarvi,20140916,8,14.3
FI-Paa,Paajarvi,20140916,9,12.7
FI-Paa,Paajarvi,20140916,10,10.8
FI-Paa,Paajarvi,20140916,11,10.3
FI-Paa,Paajarvi,20140916,12,9.9
FI-Paa,Paajarvi,20140916,13,9.6
FI-Paa,Paajarvi,20140916,14,8.9
FI-Paa,Paajarvi,20140916,15,8.5
FI-Paa,Paajarvi,20140916,16,8.2
FI-Paa,Paajarvi,20140916,17,7.8
FI-Paa,Paajarvi,20140916,18,7.5
FI-Paa,Paajarvi,20140916,19,7.3
FI-Paa,Paajarvi,20140916,20,7.1
FI-Paa,Paajarvi,20140916,25,6.4
FI-Paa,Paajarvi,20140916,30,5.9
FI-Paa,Paajarvi,20140916,35,5.7
FI-Paa,Paajarvi,20140916,40,5.6
FI-Paa,Paajarvi,20140916,45,5.5
FI-Paa,Paajarvi,20140916,50,5.5
FI-Paa,Paajarvi,20140916,55,5.5
FI-Paa,Paajarvi,20140916,60,5.5
FI-Paa,Paajarvi,20140916,65,5.4
FI-Paa,Paajarvi,20141014,0,9.6
FI-Paa,Paajarvi,20141014,1,9.6
FI-Paa,Paajarvi,20141014,2,9.6
FI-Paa,Paajarvi,20141014,3,9.6
FI-Paa,Paajarvi,20141014,4,9.6
FI-Paa,Paajarvi,20141014,5,9.6
FI-Paa,Paajarvi,20141014,6,9.6
FI-Paa,Paajarvi,20141014,7,9.6
FI-Paa,Paajarvi,20141014,8,9.6
FI-Paa,Paajarvi,20141014,9,9.6
FI-Paa,Paajarvi,20141014,10,9.6
FI-Paa,Paajarvi,20141014,11,9.6
FI-Paa,Paajarvi,20141014,12,9.6
FI-Paa,Paajarvi,20141014,13,9.6
FI-Paa,Paajarvi,20141014,14,9.6
FI-Paa,Paajarvi,20141014,15,9.4
FI-Paa,Paajarvi,20141014,16,9.3
FI-Paa,Paajarvi,20141014,17,9.2
FI-Paa,Paajarvi,20141014,18,9.1
FI-Paa,Paajarvi,20141014,19,9
FI-Paa,Paajarvi,20141014,20,7.9
FI-Paa,Paajarvi,20141014,25,6.5
FI-Paa,Paajarvi,20141014,30,6
FI-Paa,Paajarvi,20141014,35,5.8
FI-Paa,Paajarvi,20141014,40,5.6
FI-Paa,Paajarvi,20141014,45,5.6
FI-Paa,Paajarvi,20141014,50,5.5
FI-Paa,Paajarvi,20141014,55,5.5
FI-Paa,Paajarvi,20141014,60,5.5
FI-Paa,Paajarvi,20141014,65,5.5
FI-Paa,Paajarvi,20141112,0,5.5
FI-Paa,Paajarvi,20141112,1,5.5
FI-Paa,Paajarvi,20141112,2,5.5
FI-Paa,Paajarvi,20141112,3,5.5
FI-Paa,Paajarvi,20141112,4,5.5
FI-Paa,Paajarvi,20141112,5,5.5
FI-Paa,Paajarvi,20141112,6,5.5
FI-Paa,Paajarvi,20141112,7,5.5
FI-Paa,Paajarvi,20141112,8,5.5
FI-Paa,Paajarvi,20141112,9,5.5
FI-Paa,Paajarvi,20141112,10,5.5
FI-Paa,Paajarvi,20141112,11,5.5
FI-Paa,Paajarvi,20141112,12,5.5
FI-Paa,Paajarvi,20141112,13,5.5
FI-Paa,Paajarvi,20141112,14,5.5
FI-Paa,Paajarvi,20141112,15,5.6
FI-Paa,Paajarvi,20141112,16,5.5
FI-Paa,Paajarvi,20141112,17,5.5
FI-Paa,Paajarvi,20141112,18,5.5
FI-Paa,Paajarvi,20141112,19,5.5
FI-Paa,Paajarvi,20141112,20,5.5
FI-Paa,Paajarvi,20141112,25,5.5
FI-Paa,Paajarvi,20141112,30,5.5
FI-Paa,Paajarvi,20141112,35,5.5
FI-Paa,Paajarvi,20141112,40,5.5
FI-Paa,Paajarvi,20141112,45,5.5
FI-Paa,Paajarvi,20141112,50,5.5
FI-Paa,Paajarvi,20141112,55,5.5
FI-Paa,Paajarvi,20141112,60,5.5
FI-Paa,Paajarvi,20141112,65,5.5
FI-Paa,Paajarvi,20150512,0,6.1
FI-Paa,Paajarvi,20150512,1,6.1
FI-Paa,Paajarvi,20150512,2,6.1
FI-Paa,Paajarvi,20150512,3,6.1
FI-Paa,Paajarvi,20150512,4,6.1
FI-Paa,Paajarvi,20150512,5,6.1
FI-Paa,Paajarvi,20150512,6,6
FI-Paa,Paajarvi,20150512,7,6
FI-Paa,Paajarvi,20150512,8,6
FI-Paa,Paajarvi,20150512,9,5.9
FI-Paa,Paajarvi,20150512,10,5.8
FI-Paa,Paajarvi,20150512,11,5.7
FI-Paa,Paajarvi,20150512,12,5.7
FI-Paa,Paajarvi,20150512,13,5.7
FI-Paa,Paajarvi,20150512,14,5.6
FI-Paa,Paajarvi,20150512,15,5.5
FI-Paa,Paajarvi,20150512,16,5.5
FI-Paa,Paajarvi,20150512,17,5.4
FI-Paa,Paajarvi,20150512,18,5.4
FI-Paa,Paajarvi,20150512,19,5.4
FI-Paa,Paajarvi,20150512,20,5.3
FI-Paa,Paajarvi,20150512,25,4.7
FI-Paa,Paajarvi,20150512,30,4.6
FI-Paa,Paajarvi,20150512,35,4.6
FI-Paa,Paajarvi,20150512,40,4.6
FI-Paa,Paajarvi,20150512,45,4.6
FI-Paa,Paajarvi,20150512,50,4.5
FI-Paa,Paajarvi,20150512,55,4.5
FI-Paa,Paajarvi,20150512,60,4.5
FI-Paa,Paajarvi,20150512,65,4.4
FI-Paa,Paajarvi,20150617,0,12.6
FI-Paa,Paajarvi,20150617,1,12.6
FI-Paa,Paajarvi,20150617,2,12.6
FI-Paa,Paajarvi,20150617,3,12.6
FI-Paa,Paajarvi,20150617,4,12.6
FI-Paa,Paajarvi,20150617,5,12.6
FI-Paa,Paajarvi,20150617,6,12.6
FI-Paa,Paajarvi,20150617,7,12.6
FI-Paa,Paajarvi,20150617,8,12.5
FI-Paa,Paajarvi,20150617,9,12.5
FI-Paa,Paajarvi,20150617,10,11.8
FI-Paa,Paajarvi,20150617,11,11.4
FI-Paa,Paajarvi,20150617,12,10.9
FI-Paa,Paajarvi,20150617,13,10.7
FI-Paa,Paajarvi,20150617,14,10.7
FI-Paa,Paajarvi,20150617,15,10.6
FI-Paa,Paajarvi,20150617,16,9.8
FI-Paa,Paajarvi,20150617,17,9.8
FI-Paa,Paajarvi,20150617,18,8.9
FI-Paa,Paajarvi,20150617,19,8.3
FI-Paa,Paajarvi,20150617,20,7.8
FI-Paa,Paajarvi,20150617,25,6.6
FI-Paa,Paajarvi,20150617,30,6
FI-Paa,Paajarvi,20150617,35,5.6
FI-Paa,Paajarvi,20150617,40,5.6
FI-Paa,Paajarvi,20150617,45,5.4
FI-Paa,Paajarvi,20150617,50,5.4
FI-Paa,Paajarvi,20150617,55,5.3
FI-Paa,Paajarvi,20150617,60,5.3
FI-Paa,Paajarvi,20150617,65,5.3
FI-Paa,Paajarvi,20150714,0,18.5
FI-Paa,Paajarvi,20150714,1,18.5
FI-Paa,Paajarvi,20150714,2,17.8
FI-Paa,Paajarvi,20150714,3,17.7
FI-Paa,Paajarvi,20150714,4,17.7
FI-Paa,Paajarvi,20150714,5,17.6
FI-Paa,Paajarvi,20150714,6,17.5
FI-Paa,Paajarvi,20150714,7,14.8
FI-Paa,Paajarvi,20150714,8,13.4
FI-Paa,Paajarvi,20150714,9,13.1
FI-Paa,Paajarvi,20150714,10,11.9
FI-Paa,Paajarvi,20150714,11,11.5
FI-Paa,Paajarvi,20150714,12,11.2
FI-Paa,Paajarvi,20150714,13,10.8
FI-Paa,Paajarvi,20150714,14,10.3
FI-Paa,Paajarvi,20150714,15,9.9
FI-Paa,Paajarvi,20150714,16,9.6
FI-Paa,Paajarvi,20150714,17,9.2
FI-Paa,Paajarvi,20150714,18,8.6
FI-Paa,Paajarvi,20150714,19,8.3
FI-Paa,Paajarvi,20150714,20,7.8
FI-Paa,Paajarvi,20150714,25,6.8
FI-Paa,Paajarvi,20150714,30,5.9
FI-Paa,Paajarvi,20150714,35,5.6
FI-Paa,Paajarvi,20150714,40,5.6
FI-Paa,Paajarvi,20150714,45,5.5
FI-Paa,Paajarvi,20150714,50,5.4
FI-Paa,Paajarvi,20150714,55,5.4
FI-Paa,Paajarvi,20150714,60,5.4
FI-Paa,Paajarvi,20150714,65,5.4
FI-Paa,Paajarvi,20150818,0,18.9
FI-Paa,Paajarvi,20150818,1,18.7
FI-Paa,Paajarvi,20150818,2,18.6
FI-Paa,Paajarvi,20150818,3,18.6
FI-Paa,Paajarvi,20150818,4,18.5
FI-Paa,Paajarvi,20150818,5,18.4
FI-Paa,Paajarvi,20150818,6,18.2
FI-Paa,Paajarvi,20150818,7,18
FI-Paa,Paajarvi,20150818,8,15.2
FI-Paa,Paajarvi,20150818,9,14.4
FI-Paa,Paajarvi,20150818,10,12.7
FI-Paa,Paajarvi,20150818,11,12
FI-Paa,Paajarvi,20150818,12,11.6
FI-Paa,Paajarvi,20150818,13,11.2
FI-Paa,Paajarvi,20150818,14,10.9
FI-Paa,Paajarvi,20150818,15,10.5
FI-Paa,Paajarvi,20150818,16,9.7
FI-Paa,Paajarvi,20150818,17,9.2
FI-Paa,Paajarvi,20150818,18,8.8
FI-Paa,Paajarvi,20150818,19,8.4
FI-Paa,Paajarvi,20150818,20,8
FI-Paa,Paajarvi,20150818,25,6.9
FI-Paa,Paajarvi,20150818,30,6.1
FI-Paa,Paajarvi,20150818,35,5.9
FI-Paa,Paajarvi,20150818,40,5.7
FI-Paa,Paajarvi,20150818,45,5.6
FI-Paa,Paajarvi,20150818,50,5.6
FI-Paa,Paajarvi,20150818,55,5.6
FI-Paa,Paajarvi,20150818,60,5.5
FI-Paa,Paajarvi,20150818,65,5.5
FI-Paa,Paajarvi,20150915,0,15.3
FI-Paa,Paajarvi,20150915,1,15.3
FI-Paa,Paajarvi,20150915,2,15.3
FI-Paa,Paajarvi,20150915,3,15.3
FI-Paa,Paajarvi,20150915,4,15.3
FI-Paa,Paajarvi,20150915,5,15.3
FI-Paa,Paajarvi,20150915,6,15.3
FI-Paa,Paajarvi,20150915,7,15.2
FI-Paa,Paajarvi,20150915,8,14.9
FI-Paa,Paajarvi,20150915,9,14.7
FI-Paa,Paajarvi,20150915,10,14
FI-Paa,Paajarvi,20150915,11,13.4
FI-Paa,Paajarvi,20150915,12,12.5
FI-Paa,Paajarvi,20150915,13,11.5
FI-Paa,Paajarvi,20150915,14,11
FI-Paa,Paajarvi,20150915,15,10.4
FI-Paa,Paajarvi,20150915,16,9.9
FI-Paa,Paajarvi,20150915,17,9.3
FI-Paa,Paajarvi,20150915,18,8.6
FI-Paa,Paajarvi,20150915,19,8.3
FI-Paa,Paajarvi,20150915,20,8.1
FI-Paa,Paajarvi,20150915,25,7
FI-Paa,Paajarvi,20150915,30,6
FI-Paa,Paajarvi,20150915,35,5.8
FI-Paa,Paajarvi,20150915,40,5.7
FI-Paa,Paajarvi,20150915,45,5.6
FI-Paa,Paajarvi,20150915,50,5.6
FI-Paa,Paajarvi,20150915,55,5.6
FI-Paa,Paajarvi,20150915,60,5.5
FI-Paa,Paajarvi,20150915,65,5.5
FI-Paa,Paajarvi,20151013,0,9.7
FI-Paa,Paajarvi,20151013,1,9.7
FI-Paa,Paajarvi,20151013,2,9.7
FI-Paa,Paajarvi,20151013,3,9.7
FI-Paa,Paajarvi,20151013,4,9.7
FI-Paa,Paajarvi,20151013,5,9.7
FI-Paa,Paajarvi,20151013,6,9.7
FI-Paa,Paajarvi,20151013,7,9.7
FI-Paa,Paajarvi,20151013,8,9.7
FI-Paa,Paajarvi,20151013,9,9.7
FI-Paa,Paajarvi,20151013,10,9.7
FI-Paa,Paajarvi,20151013,11,9.7
FI-Paa,Paajarvi,20151013,12,9.6
FI-Paa,Paajarvi,20151013,13,9.6
FI-Paa,Paajarvi,20151013,14,9.6
FI-Paa,Paajarvi,20151013,15,9.6
FI-Paa,Paajarvi,20151013,16,9.5
FI-Paa,Paajarvi,20151013,17,9.5
FI-Paa,Paajarvi,20151013,18,9.4
FI-Paa,Paajarvi,20151013,19,9.1
FI-Paa,Paajarvi,20151013,20,8.8
FI-Paa,Paajarvi,20151013,25,7.3
FI-Paa,Paajarvi,20151013,30,6.3
FI-Paa,Paajarvi,20151013,35,5.8
FI-Paa,Paajarvi,20151013,40,5.7
FI-Paa,Paajarvi,20151013,45,5.7
FI-Paa,Paajarvi,20151013,50,5.6
FI-Paa,Paajarvi,20151013,55,5.6
FI-Paa,Paajarvi,20151013,60,5.6
FI-Paa,Paajarvi,20151013,65,5.6
FI-Paa,Paajarvi,20160512,0,13.5
FI-Paa,Paajarvi,20160512,1,12.9
FI-Paa,Paajarvi,20160512,2,11.17
FI-Paa,Paajarvi,20160512,3,10.8
FI-Paa,Paajarvi,20160512,4,9.5
FI-Paa,Paajarvi,20160512,5,8.5
FI-Paa,Paajarvi,20160512,6,7.6
FI-Paa,Paajarvi,20160512,7,6.8
FI-Paa,Paajarvi,20160512,8,6.4
FI-Paa,Paajarvi,20160512,9,6.3
FI-Paa,Paajarvi,20160512,10,6.3
FI-Paa,Paajarvi,20160512,11,6.2
FI-Paa,Paajarvi,20160512,12,6.1
FI-Paa,Paajarvi,20160512,13,5.7
FI-Paa,Paajarvi,20160512,14,5.6
FI-Paa,Paajarvi,20160512,15,5.2
FI-Paa,Paajarvi,20160512,16,5.2
FI-Paa,Paajarvi,20160512,17,5.1
FI-Paa,Paajarvi,20160512,18,5
FI-Paa,Paajarvi,20160512,19,4.9
FI-Paa,Paajarvi,20160512,20,4.9
FI-Paa,Paajarvi,20160512,25,4.8
FI-Paa,Paajarvi,20160512,30,4.7
FI-Paa,Paajarvi,20160512,35,4.7
FI-Paa,Paajarvi,20160512,40,4.7
FI-Paa,Paajarvi,20160512,45,4.7
FI-Paa,Paajarvi,20160512,50,4.7
FI-Paa,Paajarvi,20160512,55,4.6
FI-Paa,Paajarvi,20160512,60,4.6
FI-Paa,Paajarvi,20160512,65,4.6
FI-Paa,Paajarvi,20160620,0,14.6
FI-Paa,Paajarvi,20160620,1,14.6
FI-Paa,Paajarvi,20160620,2,14.6
FI-Paa,Paajarvi,20160620,3,14.5
FI-Paa,Paajarvi,20160620,4,14.5
FI-Paa,Paajarvi,20160620,5,14.1
FI-Paa,Paajarvi,20160620,6,13.3
FI-Paa,Paajarvi,20160620,7,11.5
FI-Paa,Paajarvi,20160620,8,10.3
FI-Paa,Paajarvi,20160620,9,9.3
FI-Paa,Paajarvi,20160620,10,8.9
FI-Paa,Paajarvi,20160620,11,8.5
FI-Paa,Paajarvi,20160620,12,8.2
FI-Paa,Paajarvi,20160620,13,7.8
FI-Paa,Paajarvi,20160620,14,7.7
FI-Paa,Paajarvi,20160620,15,7.3
FI-Paa,Paajarvi,20160620,16,7.2
FI-Paa,Paajarvi,20160620,17,7
FI-Paa,Paajarvi,20160620,18,6.7
FI-Paa,Paajarvi,20160620,19,6.5
FI-Paa,Paajarvi,20160620,20,6.3
FI-Paa,Paajarvi,20160620,25,5.6
FI-Paa,Paajarvi,20160620,30,5.1
FI-Paa,Paajarvi,20160620,35,5
FI-Paa,Paajarvi,20160620,40,4.9
FI-Paa,Paajarvi,20160620,45,4.8
FI-Paa,Paajarvi,20160620,50,4.8
FI-Paa,Paajarvi,20160620,55,4.8
FI-Paa,Paajarvi,20160620,60,4.7
FI-Paa,Paajarvi,20160620,65,4.7
FI-Paa,Paajarvi,20160712,0,17.7
FI-Paa,Paajarvi,20160712,1,17.6
FI-Paa,Paajarvi,20160712,2,17.6
FI-Paa,Paajarvi,20160712,3,17.5
FI-Paa,Paajarvi,20160712,4,17.3
FI-Paa,Paajarvi,20160712,5,17
FI-Paa,Paajarvi,20160712,6,16.1
FI-Paa,Paajarvi,20160712,7,15.6
FI-Paa,Paajarvi,20160712,8,14.5
FI-Paa,Paajarvi,20160712,9,11.5
FI-Paa,Paajarvi,20160712,10,9.3
FI-Paa,Paajarvi,20160712,11,8.3
FI-Paa,Paajarvi,20160712,12,7.9
FI-Paa,Paajarvi,20160712,13,7.6
FI-Paa,Paajarvi,20160712,14,7.4
FI-Paa,Paajarvi,20160712,15,7.1
FI-Paa,Paajarvi,20160712,16,6.8
FI-Paa,Paajarvi,20160712,17,6.7
FI-Paa,Paajarvi,20160712,18,6.5
FI-Paa,Paajarvi,20160712,19,6.3
FI-Paa,Paajarvi,20160712,20,6.1
FI-Paa,Paajarvi,20160712,25,5.6
FI-Paa,Paajarvi,20160712,30,5.2
FI-Paa,Paajarvi,20160712,35,5
FI-Paa,Paajarvi,20160712,40,5
FI-Paa,Paajarvi,20160712,45,4.9
FI-Paa,Paajarvi,20160712,50,4.9
FI-Paa,Paajarvi,20160712,55,4.8
FI-Paa,Paajarvi,20160712,60,4.8
FI-Paa,Paajarvi,20160712,65,4.8
FI-Paa,Paajarvi,20160815,0,16.8
FI-Paa,Paajarvi,20160815,1,16.7
FI-Paa,Paajarvi,20160815,2,16.7
FI-Paa,Paajarvi,20160815,3,16.6
FI-Paa,Paajarvi,20160815,4,16.6
FI-Paa,Paajarvi,20160815,5,16.6
FI-Paa,Paajarvi,20160815,6,16.6
FI-Paa,Paajarvi,20160815,7,16.6
FI-Paa,Paajarvi,20160815,8,16.4
FI-Paa,Paajarvi,20160815,9,13.7
FI-Paa,Paajarvi,20160815,10,10.2
FI-Paa,Paajarvi,20160815,11,9.2
FI-Paa,Paajarvi,20160815,12,8.6
FI-Paa,Paajarvi,20160815,13,8.4
FI-Paa,Paajarvi,20160815,14,8.1
FI-Paa,Paajarvi,20160815,15,7.7
FI-Paa,Paajarvi,20160815,16,7.5
FI-Paa,Paajarvi,20160815,17,7
FI-Paa,Paajarvi,20160815,18,6.8
FI-Paa,Paajarvi,20160815,19,6.6
FI-Paa,Paajarvi,20160815,20,6.4
FI-Paa,Paajarvi,20160815,25,5.8
FI-Paa,Paajarvi,20160815,30,5.4
FI-Paa,Paajarvi,20160815,35,5.2
FI-Paa,Paajarvi,20160815,40,5.1
FI-Paa,Paajarvi,20160815,45,5.1
FI-Paa,Paajarvi,20160815,50,5
FI-Paa,Paajarvi,20160815,55,5
FI-Paa,Paajarvi,20160815,60,4.9
FI-Paa,Paajarvi,20160815,65,4.9
FI-Paa,Paajarvi,20160912,0,15.5
FI-Paa,Paajarvi,20160912,1,15.5
FI-Paa,Paajarvi,20160912,2,15.5
FI-Paa,Paajarvi,20160912,3,15.5
FI-Paa,Paajarvi,20160912,4,15.5
FI-Paa,Paajarvi,20160912,5,15.5
FI-Paa,Paajarvi,20160912,6,15.5
FI-Paa,Paajarvi,20160912,7,15.4
FI-Paa,Paajarvi,20160912,8,15.4
FI-Paa,Paajarvi,20160912,9,15.3
FI-Paa,Paajarvi,20160912,10,14.7
FI-Paa,Paajarvi,20160912,11,14.01
FI-Paa,Paajarvi,20160912,12,12.2
FI-Paa,Paajarvi,20160912,13,11.4
FI-Paa,Paajarvi,20160912,14,9.9
FI-Paa,Paajarvi,20160912,15,8.1
FI-Paa,Paajarvi,20160912,16,7.8
FI-Paa,Paajarvi,20160912,17,7.5
FI-Paa,Paajarvi,20160912,18,7
FI-Paa,Paajarvi,20160912,19,6.8
FI-Paa,Paajarvi,20160912,20,6.7
FI-Paa,Paajarvi,20160912,25,5.9
FI-Paa,Paajarvi,20160912,30,5.3
FI-Paa,Paajarvi,20160912,35,5.2
FI-Paa,Paajarvi,20160912,40,5.1
FI-Paa,Paajarvi,20160912,45,5.1
FI-Paa,Paajarvi,20160912,50,5
FI-Paa,Paajarvi,20160912,55,5
FI-Paa,Paajarvi,20160912,60,5
FI-Paa,Paajarvi,20160912,65,5
FI-Paa,Paajarvi,20161011,0,9.3
FI-Paa,Paajarvi,20161011,1,9.3
FI-Paa,Paajarvi,20161011,2,9.3
FI-Paa,Paajarvi,20161011,3,9.3
FI-Paa,Paajarvi,20161011,4,9.3
FI-Paa,Paajarvi,20161011,5,9.3
FI-Paa,Paajarvi,20161011,6,9.3
FI-Paa,Paajarvi,20161011,7,9.3
FI-Paa,Paajarvi,20161011,8,9.3
FI-Paa,Paajarvi,20161011,9,9.3
FI-Paa,Paajarvi,20161011,10,9.2
FI-Paa,Paajarvi,20161011,11,9.2
FI-Paa,Paajarvi,20161011,12,9.1
FI-Paa,Paajarvi,20161011,13,9.1
FI-Paa,Paajarvi,20161011,14,9
FI-Paa,Paajarvi,20161011,15,9
FI-Paa,Paajarvi,20161011,16,9
FI-Paa,Paajarvi,20161011,17,9
FI-Paa,Paajarvi,20161011,18,8.9
FI-Paa,Paajarvi,20161011,19,8.9
FI-Paa,Paajarvi,20161011,20,8.7
FI-Paa,Paajarvi,20161011,25,6
FI-Paa,Paajarvi,20161011,30,5.4
FI-Paa,Paajarvi,20161011,35,5.3
FI-Paa,Paajarvi,20161011,40,5.2
FI-Paa,Paajarvi,20161011,45,5.1
FI-Paa,Paajarvi,20161011,50,5.1
FI-Paa,Paajarvi,20161011,55,5
FI-Paa,Paajarvi,20161011,60,5
FI-Paa,Paajarvi,20161011,65,5
FI-Paa,Paajarvi,20161115,0,3.1
FI-Paa,Paajarvi,20161115,1,3.1
FI-Paa,Paajarvi,20161115,2,3.1
FI-Paa,Paajarvi,20161115,3,3.1
FI-Paa,Paajarvi,20161115,4,3.1
FI-Paa,Paajarvi,20161115,5,3.1
FI-Paa,Paajarvi,20161115,6,3.1
FI-Paa,Paajarvi,20161115,7,3.1
FI-Paa,Paajarvi,20161115,8,3.1
FI-Paa,Paajarvi,20161115,9,3.1
FI-Paa,Paajarvi,20161115,10,3.1
FI-Paa,Paajarvi,20161115,11,3.2
FI-Paa,Paajarvi,20161115,12,3.2
FI-Paa,Paajarvi,20161115,13,3.3
FI-Paa,Paajarvi,20161115,14,3.3
FI-Paa,Paajarvi,20161115,15,3.3
FI-Paa,Paajarvi,20161115,16,3.3
FI-Paa,Paajarvi,20161115,17,3.3
FI-Paa,Paajarvi,20161115,18,3.4
FI-Paa,Paajarvi,20161115,19,3.4
FI-Paa,Paajarvi,20161115,20,3.4
FI-Paa,Paajarvi,20161115,25,3.5
FI-Paa,Paajarvi,20161115,30,3.5
FI-Paa,Paajarvi,20161115,35,3.5
FI-Paa,Paajarvi,20161115,40,3.6
FI-Paa,Paajarvi,20161115,45,3.6
FI-Paa,Paajarvi,20161115,50,3.6
FI-Paa,Paajarvi,20161115,55,3.6
FI-Paa,Paajarvi,20161115,60,3.6
FI-Paa,Paajarvi,20161115,65,3.6
